instance,n,number of cycles,covered squares,cpu_time (s),solution found
00418c51-72a3-4258-979d-802934428991.singles,10,1331,30,0.026634024,True
0045d7af-d6fa-4ef7-a255-4d0b3c6911b5.singles,10,115736,29,1.520001593,True
00834e51-cf72-4067-bbe1-1c045f456098.singles,10,10922,28,0.172723194,True
00fd84e5-f476-44db-a2d8-ea91b8255797.singles,10,170,28,0.007379111,True
0107f638-37df-4e62-801e-763e19325ef7.singles,10,1065490,30,20,False
01ae2aaa-cf2a-4f6d-a56c-c79da87fb377.singles,10,367,27,0.010008214,True
020f3ab3-e4c0-43d6-8a0a-ba1d36e4c09b.singles,10,657,30,0.015076379,True
022ffba2-55df-4791-829c-22292ef8ed32.singles,10,186,29,0.006793216,True
0230e385-6081-403e-a8a5-57a070ce8378.singles,10,40,30,0.003825611,True
02526e98-b59e-4c80-82a0-73d6a6e564ae.singles,10,248,30,0.007037162,True
025d0bbd-e0b7-43b4-b955-693ab3c267d6.singles,10,717,30,0.01522561,True
0269efa7-c3da-4b2f-8097-bfe1a1f6dbb1.singles,10,944,29,0.016826343,True
0287470a-565f-412d-ada9-791185facb10.singles,10,81,30,0.005350074,True
03402f7c-c88a-4da2-b3e7-f812b520d595.singles,10,2586,29,0.044789466,True
03412d28-7b37-4fb4-bccd-b42e766af36b.singles,10,1791,29,0.031602335,True
0383a978-2f84-4e82-8ad3-6890b573ddb9.singles,10,1491,29,0.023098312,True
03c778cb-55ab-417c-aa41-7d603765c14b.singles,10,1159,26,0.02318739,True
03de9c1c-8a16-4c38-be7f-b8590f1f3f50.singles,10,3906,31,0.059357318,True
045f8d63-762b-4f0c-99f5-56218a963508.singles,10,91,28,0.007008759,True
04a65436-36e5-4259-9bc6-ae9d2e3a5efb.singles,10,952,29,0.022659452,True
0575f6d6-1ac3-4b1b-a349-f72834f1e433.singles,10,93,29,0.005947021,True
05f28012-51af-4290-8d45-5e0a9346452b.singles,10,66,28,0.004392873,True
060fa1fe-0828-4013-99ca-16ac9efb91b1.singles,10,3429,28,0.057196517,True
0629cb7c-3b38-47af-9057-faf00ac374a2.singles,10,97,29,0.005742018,True
06b38f82-25e5-476c-9a83-983cd953c66d.singles,10,235,27,0.007069,True
070e65fa-c715-40e6-839a-a95bba22438b.singles,10,1599,28,0.033806258,True
07f19810-c14e-4689-9fed-523c237eea82.singles,10,1181,30,0.019965733,True
084103cd-8723-4a77-8b1d-178df8079869.singles,10,262,29,0.008362324,True
08a07df0-7b09-41c6-a127-d3ff2ead5904.singles,10,847,29,0.016381652,True
08ae4c8c-6af6-4d3b-bc08-f5ddf1122c6b.singles,10,1767,28,0.027800944,True
08e2f1d4-ec7a-449c-8a3f-ccc3ffe8d611.singles,10,291,28,0.009418099,True
09535a01-9d36-4a22-939e-8ac449aeee48.singles,10,750,28,0.013807915,True
0975fa97-f353-42a5-a03a-7aa4c797aadd.singles,10,60,29,0.004567979,True
09f3217e-14b4-40f2-934d-b598c9cf3c01.singles,10,233,29,0.007896759,True
0a1e3f7c-02b3-4b5f-a923-3d6d9fde1c01.singles,10,1488,28,0.027398527,True
0a41a850-0ac3-4a80-bf3c-ed027c834f78.singles,10,6473,29,0.092324836,True
0a4df37a-8c4c-44ba-94cf-60a696cd096a.singles,10,4685,28,0.069920201,True
0a65b582-4233-4887-9579-6c01f72f5ad7.singles,10,101,28,0.008068762,True
0a851f86-6e67-46c6-af6c-778de687124b.singles,10,800,30,0.014291342,True
0aa2a8fc-ea17-4140-9ac0-dee6fb62fae5.singles,10,577,29,0.014865987,True
0ab9ae5e-8471-450e-b572-0a10a12d790f.singles,10,2359,30,0.0316969,True
0abe91b5-90dd-44d9-aa01-4ff3c6fa5a25.singles,10,433,28,0.010282126,True
0ac13a15-25eb-400e-b408-4e5266c5dfea.singles,10,2553,29,0.041396172,True
0b8d733c-6ece-40fc-b1a9-016d63631c17.singles,10,117,28,0.005829029,True
0c1f4045-852d-4670-a94e-5f9ea656bb22.singles,10,4915,29,0.082067768,True
0c756d85-8cde-47d2-9ffd-d6ec254b65b3.singles,10,2285,30,0.036909809,True
0c9e4fb9-80d5-4b54-8806-dd6193aa8461.singles,10,2949,28,0.046593748,True
0cb1617c-d5f2-461e-b536-b9c9291e4b8e.singles,10,1543,30,0.025226615,True
0cba65d0-93ed-46fd-8d11-95d69c4c8999.singles,10,572,29,0.01335555,True
0cfe26b0-b5dc-44f6-b70c-80200ee0b0eb.singles,10,205,29,0.007088427,True
0d083bbc-22a2-467e-9276-c53a6c8f82b5.singles,10,687,28,0.01376358,True
0d8a89c1-278f-4463-93d2-9590cbd04bf6.singles,10,321,29,0.009582827,True
0dbc7239-83f1-4e22-87e7-5f9578106616.singles,10,721,29,0.016739677,True
0dc65bfb-a217-4f1a-90cc-9df2ef395188.singles,10,8270,29,0.125394427,True
0de114b9-29a8-4c55-90ad-a739471c6fab.singles,10,2618,27,0.036951501,True
0e5d7337-15d7-4076-89b6-e8a118590fe5.singles,10,154,27,0.006124844,True
0e6c5268-e78e-4aa5-9f47-9bcab701284c.singles,10,608,29,0.014700795,True
0e81678d-3d80-4729-8e02-b0a9dbaa11ba.singles,10,614,29,0.011661179,True
0f061f7c-bc54-433c-8c1e-f232eeb4a78d.singles,10,3998,29,0.0594964,True
0f61321d-b5c2-4a47-b555-f1384c04fd00.singles,10,9511,29,0.149336642,True
0f620bff-bf7d-4007-b42c-780b9687c4b8.singles,10,1099,30,0.021866267,True
0f6f2bb7-b280-4d5c-b401-bd5901a71f2f.singles,10,334,29,0.00806705,True
0f820077-cd6d-4c4c-a942-b9cfc375060d.singles,10,2115,29,0.034056638,True
0f8be5c0-cea3-4792-90bf-15e580ed166b.singles,10,259,30,0.007354108,True
0fb43771-d7a2-4eba-a55b-b3ab846c7117.singles,10,3630,30,0.061247196,True
0fd4ebbc-d835-4443-b951-1663792de666.singles,10,1880,28,0.033954516,True
0ff8c1ee-528e-4c6d-bce1-482df41ed488.singles,10,833,30,0.014427235,True
10049401-ba4a-4536-9a4c-c13acb83e75c.singles,10,27083,28,0.414431638,True
10115519-f0dc-48d3-99fd-3315eb2166d7.singles,10,563,29,0.014271341,True
101fa32a-2104-419a-b483-eeb75473269a.singles,10,3991,29,0.058635721,True
1094212a-b596-4c1c-9925-daec57556b39.singles,10,7112,30,0.103934566,True
10b74ead-3887-4115-9278-5617bf787fbf.singles,10,169,28,0.006171783,True
10ee98e4-76e7-4dce-9251-fe6e4c8f02de.singles,10,682,30,0.018333625,True
115679fb-2d0f-4d32-ac21-dbf546033394.singles,10,194,29,0.006408527,True
11d72d2b-8b91-4e68-983d-e460d9453f71.singles,10,1038,29,0.01807941,True
11ea1d1c-2f31-4087-8bcb-c01746dba0ef.singles,10,2090,30,0.03241619,True
120866e5-a0dd-474d-a6b5-2bba6a553d3e.singles,10,2356,29,0.042577182,True
12132076-eed4-45ee-835c-b4b6c736635b.singles,10,609,31,0.016965904,True
123c8361-d18a-4023-a5cb-adab050f88c1.singles,10,612,27,0.014192145,True
127683b5-10c1-4d7a-8b6b-71c065fd4a11.singles,10,91,29,0.007750168,True
12b5bcce-5e01-481f-bafc-220147bf9fd7.singles,10,1424,29,0.037095724,True
1308b921-e191-4fc5-ba84-84f046e12cf4.singles,10,1430,30,0.025551057,True
130f4d9d-bc77-4a62-a327-10cb9beeb121.singles,10,223,27,0.008450828,True
13799616-ea9d-4ae9-8d04-8f9ae74e6c66.singles,10,255,30,0.009978185,True
13abbdac-40e2-4e1c-9e8e-a8be793b4590.singles,10,200,28,0.00720225,True
13f73d5d-c015-492a-b3e8-1549cb4a8d3e.singles,10,16541,31,0.219852255,True
143237d2-1b02-4239-9523-7271d81a3266.singles,10,572,28,0.024838762,True
144298d5-a505-41b0-8e73-47a0f23cb9cc.singles,10,680,29,0.01698783,True
14609c4b-0ad5-46b5-a0b3-160606df19cf.singles,10,72,29,0.005949065,True
147247ed-bafd-498b-9ada-114596c46e8f.singles,10,1191,30,0.022889823,True
14757840-e730-479b-a4ac-7227addda9f5.singles,10,1844,29,0.031235852,True
14e6df24-582b-4c18-86eb-9bc8454a44e8.singles,10,520,28,0.011955007,True
152d64ff-02a4-45ea-8ec1-71ced7f3c16c.singles,10,1413,29,0.028133981,True
155e8203-617d-42a7-99f7-54b486138cbb.singles,10,6001,29,0.096369762,True
15cceb08-6b44-4a9a-a605-b4b3f01a1c00.singles,10,3342,30,0.056341127,True
15f341eb-5f30-438d-9c1a-911cec182c17.singles,10,2084,31,0.032160735,True
1617f69a-15d6-4018-b682-d5ca0dd19109.singles,10,35342,29,0.473922966,True
161c2f68-6001-4f82-9e6f-f8c38188294c.singles,10,476,29,0.011404896,True
16452e21-a733-4c6b-b98a-aa19bb262adc.singles,10,496,30,0.015018767,True
16a43970-3592-48d9-927b-3cfddcc05098.singles,10,167,29,0.006479136,True
16f9f482-e57b-4083-8c09-72e18c5c7f88.singles,10,1330,29,0.023695201,True
170c04cc-432e-4307-8712-bf3f54b554a0.singles,10,2064,29,0.033901823,True
1718f98a-27a4-4dc1-a915-ca86b7b9ef13.singles,10,51,26,0.00448814,True
171b58e1-e002-4dbe-9e77-a975b1c86f8e.singles,10,788,28,0.015672243,True
17222c61-9345-4a31-a664-80175781d0b2.singles,10,3970,30,0.06731562,True
1796c4e0-2aff-4973-afc4-9c54cb50a87e.singles,10,1575,30,0.029466975,True
17b5bfed-3928-4284-9368-0f55e3f5db37.singles,10,3635,29,0.048730624,True
181184b6-ed4b-46ad-8a66-f50bd6666630.singles,10,8708,28,0.10695746,True
193ab65b-6f56-4b36-82ce-a30f1c938e97.singles,10,709,29,0.015563879,True
19884341-4194-4ea3-98ea-a3d33a34e4a0.singles,10,305,28,0.007151524,True
1a0d1102-1e7a-4344-bc7e-d632db3c5a9e.singles,10,618,29,0.014087205,True
1a3a3c58-7e94-42f1-8a0c-49f948a98179.singles,10,741,29,0.016511829,True
1a933dd5-9e1a-4a1e-a9ba-b5e1cf3b8723.singles,10,4027,30,0.063663938,True
1a96a912-87f7-42ca-b4b0-2027782c9d4a.singles,10,1787,29,0.029804278,True
1a9ac1bf-62a9-4a87-9f39-8e5db756595e.singles,10,877,27,0.014456298,True
1ad039f0-d621-47d0-b937-13392913f240.singles,10,623,30,0.014287279,True
1ad84b81-a46d-4e30-9d98-c93006e70d64.singles,10,962,28,0.019788049,True
1bc102f4-159f-4541-8f58-8ca5384a668c.singles,10,165735,29,2.155718183,True
1c00bd24-2db8-4402-ba26-b1c9cbbc446d.singles,10,273,27,0.01077575,True
1c03710b-51fd-42f2-b0e1-d4f4ad4fcf7f.singles,10,262,28,0.007720311,True
1c327db2-7033-48b5-a0d3-9dbdb2e24792.singles,10,1210,28,0.024367447,True
1c95b92a-3765-435b-ad1a-ca3e7059a8c5.singles,10,1439,27,0.024744442,True
1ceb7eb3-fb2a-4f2a-b89d-3d958616a2f7.singles,10,1428,27,0.025936586,True
1d9ef04c-a16e-43c1-b546-2470ad00ed61.singles,10,61,28,0.004388723,True
1dbe3d10-92c6-452a-acb4-8103d88a4ed1.singles,10,757,29,0.015038068,True
1dc5426d-0c8a-4136-8523-fb6859b45acc.singles,10,210,28,0.00755978,True
1dca7d40-413f-4c34-8b9e-b7e36461ffbc.singles,10,231,30,0.00848959,True
1e144b26-7917-4edf-a915-079230fca1bc.singles,10,3105,29,0.042461516,True
1e3e6ce3-c719-4c69-87f8-a62c90da0624.singles,10,960,29,0.018089079,True
1e7bf0ad-e623-4986-ab5e-c18477451e3a.singles,10,212,29,0.006561432,True
1e935ca6-bb3a-4396-a500-a981176d46f3.singles,10,128,30,0.006471473,True
1e93a2c8-f500-4bf6-a1cc-9b203386336c.singles,10,6561,30,0.087665743,True
1e99569a-64ea-458c-8ca6-a31aeb0b9863.singles,10,3266,28,0.054792492,True
1ef147dc-ef0b-4a6d-8519-0d1b26e9a7c6.singles,10,1180,28,0.021633303,True
1f58ed1e-64c2-43e2-97f2-a59aeab06eb8.singles,10,142,28,0.006353601,True
1fcb347a-0756-4401-abaa-075df48154a0.singles,10,348,28,0.010067965,True
1feb6849-c1b7-48d7-9223-93c613292969.singles,10,3007,29,0.071439225,True
1ffe4502-910f-4310-9479-c07a0e1d8525.singles,10,2885,29,0.047247472,True
20048c1d-2d44-4503-811e-6166e92ab95c.singles,10,308,29,0.009424451,True
2017fc33-ba35-4d7c-9f14-deb5c29c1ea0.singles,10,178,29,0.008875633,True
20d5e78e-e34d-479f-b838-fa57342beaa7.singles,10,128,29,0.005686484,True
21164f39-848c-4d2a-b2ad-a24c92141699.singles,10,308,30,0.009828385,True
2151b4e8-4c29-4de1-93de-eeae443ad6a8.singles,10,1691,29,0.028357448,True
218d5906-c827-47c2-b322-8fea0da55a44.singles,10,6187,28,0.089478995,True
21cee532-8b6e-4719-abaa-82dcd911f634.singles,10,166,29,0.008689915,True
22135950-fc35-4ff1-b4eb-6f4ed5bf0789.singles,10,11395,28,0.150618432,True
2214080d-8652-4301-a625-82d56d0f6e14.singles,10,1017,30,0.0213341,True
22482293-28e0-4734-8188-b7a8af96fa53.singles,10,54012,30,0.782643062,True
232080cf-5940-4c32-8965-2798e222d126.singles,10,2264,29,0.038539223,True
23368336-3b17-4543-b254-14aec38aabca.singles,10,420,27,0.009273446,True
23544715-b88d-4707-87b1-bf2cc768db47.singles,10,1341,30,0.020907954,True
2368415a-8e72-413b-96bb-d981527fbc92.singles,10,7693,28,0.10578823,True
23d6f19d-95fd-489b-a3bf-d8ea0099de0a.singles,10,1054,26,0.017824872,True
240ee04b-489c-48c4-83e8-119074204ec2.singles,10,230,28,0.007039487,True
2499ebd0-d2b8-438d-bd04-1f271cc36515.singles,10,986,28,0.019492195,True
24a5bc80-3116-4755-b3fc-8c730863f6bb.singles,10,254,30,0.009209326,True
25a92ed0-7337-4f29-9b71-0296506cc681.singles,10,262,28,0.009384955,True
25b1957e-f799-4124-8eb7-e3ead0c0847a.singles,10,158,28,0.00683878,True
266739ff-0016-4c5e-be84-8c6c951d6c2c.singles,10,1107,28,0.022094182,True
266f21ef-18eb-47f1-a22f-6455df72e76c.singles,10,1580,30,0.027274357,True
2672d4be-130b-436c-a1ab-5c5512d35a51.singles,10,565,31,0.012886951,True
270749e1-dba1-4d75-848e-8e0bbd09da4c.singles,10,902,29,0.019339164,True
27098171-0253-464a-8b53-93ef24c3cb72.singles,10,8795,29,0.132970537,True
27adb1aa-9dce-4d7a-81f1-6d8199ceb0e2.singles,10,393,28,0.01151497,True
280a9c43-5b06-4efd-9b36-766091dc101a.singles,10,208,29,0.006785188,True
28436bdf-2b7c-416c-ad86-2f0321a2ce4b.singles,10,15467,29,0.213223342,True
286a7c05-41d5-445b-8b35-191c0df92731.singles,10,754,30,0.016944796,True
28a930df-a68a-4e8c-be73-6e4bcb854a80.singles,10,1654,28,0.029460374,True
28c1a99a-ccec-4c69-9911-a4ca70317812.singles,10,614,29,0.014012547,True
28e2ecd9-f765-47c5-88b4-1bb31454d814.singles,10,313,27,0.008124774,True
296cd8e9-13e4-49f5-b490-0cb9c2c9b0e9.singles,10,31,27,0.004042626,True
2990198e-87c4-40b8-b3c9-f6054124cf5f.singles,10,59892,29,0.81720796,True
29c402ef-cb9e-4058-aff6-abbbd2885a6e.singles,10,609,28,0.016592217,True
29ccc30c-8259-453d-bddb-0dc193c97707.singles,10,1101,30,0.020830781,True
29eebf6d-d991-451d-8456-f23d17924f7b.singles,10,252,28,0.007716153,True
2a7c6e45-12f6-4d3c-8122-b7be68fa3664.singles,10,19033,30,0.29242173,True
2b628b63-322b-4163-a836-f39191c84d2c.singles,10,587,29,0.013914062,True
2b6e64b2-a132-4523-b6c5-860b557a7031.singles,10,7157,29,0.115981459,True
2ba1f485-3b79-463b-8fa4-a7fa4184320a.singles,10,3926,30,0.067286218,True
2ba8c737-ce34-4065-9fb9-2971abf7aedd.singles,10,8053,28,0.105269174,True
2be4ecfa-661d-4fc3-9ad5-b2481cb558a3.singles,10,1257,28,0.022111604,True
2c09d48a-2d31-4399-b67e-7ac93919ddf3.singles,10,1175,30,0.019542432,True
2ca6acc9-e629-460f-b1d8-794f847ebe3e.singles,10,3307,29,0.053688363,True
2cf185bb-456a-49ee-a1fb-7cab447953ec.singles,10,1025,28,0.019089169,True
2d0b8f05-f52f-46f3-b5ae-ea1453ac86f8.singles,10,51,30,0.004550157,True
2d54e146-a980-4468-991a-f229090185a6.singles,10,21070,29,0.250566463,True
2d8ff86d-50fa-4a5e-925f-d5f83f79c859.singles,10,688,29,0.016600742,True
2dae8ec4-9e19-417a-babf-066a093c6844.singles,10,1062,28,0.019893624,True
2dd456a2-475a-4120-ac6d-8b6a3e5d1714.singles,10,3938,29,0.064873998,True
2debcd01-4539-4531-98d4-68247bbe9250.singles,10,5787,29,0.11571625,True
2e03e7ef-ee93-4f4e-8c5f-9dc12c25567a.singles,10,2090,28,0.035959592,True
2e1f9489-4d61-42ad-a3ad-4ec459d459b0.singles,10,26875,29,0.388610849,True
2e3f9be5-8474-4554-8533-a8478878ff06.singles,10,991,30,0.018581106,True
2e95f61d-8c64-4ccd-a0e9-992e18db2b45.singles,10,1395,28,0.025419628,True
2ed31391-3f16-44e6-bf9c-62ab99a03c23.singles,10,61,27,0.004573241,True
2edf2bb7-d52b-4c4e-aba5-1e321948895f.singles,10,2154,29,0.035878618,True
2f267297-2f64-46bb-925b-ce3b41a9366b.singles,10,1038,29,0.018511439,True
2f3781ba-bb4c-4bd4-b79f-233984d2ca1d.singles,10,158,29,0.006244289,True
2f877a6a-ea30-4710-bdbb-24cba0ff6696.singles,10,134,26,0.005552543,True
2ff4e567-3567-408f-a0d2-663b2587941a.singles,10,206,29,0.006849099,True
3041641b-3dc1-4379-90d8-98494bc85332.singles,10,685,28,0.016037136,True
304aeb53-b388-409d-85bf-a61d5663bf59.singles,10,885,30,0.018174417,True
3079b68b-a746-4b22-a955-dfe7fab73f43.singles,10,3390,29,0.050672223,True
30ba4e57-4df4-4c9d-89d7-351bf9814ec3.singles,10,15206,30,0.207664216,True
30e7e8c5-f18a-4758-a22a-6e42ca465a7a.singles,10,476,29,0.011642248,True
30ec3df4-ee61-4adb-8b5a-6f6e86228cb7.singles,10,762,27,0.017328434,True
31b56da1-3f67-4961-904f-4b8e72df0210.singles,10,8453,28,0.119167987,True
31f5f844-333c-47e3-9d24-b3dc5e3c5eff.singles,10,1251,29,0.027900671,True
31fd041e-08ad-4a71-b113-f3f3dcce22da.singles,10,9309,27,0.125498093,True
3209e2f3-d687-4006-8474-bd67de437cab.singles,10,801,31,0.018851083,True
329cecb9-b1dd-4b82-bbf8-ed031b82a0b6.singles,10,1495,29,0.026688035,True
32a06f11-7d00-4eec-9779-be0ec4b8250b.singles,10,122,29,0.005141142,True
32cb4dcf-4dcf-4aa8-a1b7-6cf0e5a949e5.singles,10,7441,30,0.112782675,True
32d21fa8-3147-4dd8-838c-913fdaa0793e.singles,10,169,28,0.006450884,True
33356b7b-ba93-4eaf-8c9d-07e86f86e003.singles,10,1127,28,0.019748929,True
33ad8e57-7e2f-4dee-9bf2-7c3d8ec8df69.singles,10,363,30,0.009618242,True
33cf4808-5771-458b-b25b-674185b242ec.singles,10,1615,29,0.032034358,True
34a03875-b8d2-42d7-a9d5-5577cb37f167.singles,10,382,29,0.009848885,True
34d48792-c234-4180-9255-0fd1dc27d2f2.singles,10,5268,28,0.073818406,True
34f82d4a-2ba4-4391-b9e9-d54a4758f876.singles,10,156,28,0.006152927,True
3531bc28-1188-43a9-bf29-6c9d401ce3ca.singles,10,4896,29,0.079268064,True
35624a2d-01c5-45fd-860b-189eee05096f.singles,10,188,27,0.008413439,True
35fa22d3-4f33-4e23-8bfe-bb58035b8ebb.singles,10,2701,29,0.044367901,True
36291c4c-e7da-463e-bb1f-f057c8c4ec29.singles,10,1218,30,0.021531506,True
36889813-7029-4d37-8f2a-b3203303ad09.singles,10,3182,31,0.051826805,True
37a4f071-4b9e-4721-9b7e-5b03546a2f78.singles,10,861,27,0.015628073,True
3873ff83-e86b-4a0c-bd83-2038246f38dc.singles,10,1943,30,0.028497419,True
3911de15-e3b2-4943-a866-2c9738f20456.singles,10,896,28,0.017413334,True
3930c9cb-4fe2-49be-91ab-9c344a2ef803.singles,10,223,29,0.00759003,True
3978251d-e4a9-47cd-923f-965e7c23a174.singles,10,7716,30,0.109620574,True
3986da07-cec2-4cc4-a777-2f041dca2120.singles,10,5519,29,0.091098843,True
3a67e1d8-4903-4acd-9a52-9a35e6814f08.singles,10,1238,28,0.024853149,True
3aca6e02-62c3-40a2-a836-5393e1dd9e5c.singles,10,3513,28,0.078445839,True
3b164978-bdc0-422c-abb6-bf036c3de996.singles,10,298,30,0.009154012,True
3b3a108a-14cb-470b-bc66-ddd279aa0c97.singles,10,106,27,0.004894903,True
3b8657a2-543d-4608-be70-023bece043dd.singles,10,2533,30,0.043232395,True
3caafe0e-ea69-4d57-87e7-ef8574aee47c.singles,10,269,29,0.008799329,True
3cb0ed2d-5579-44c6-9735-b48d24520fee.singles,10,5363,28,0.078974906,True
3cb8d056-389c-49bf-a5e0-bcf900225748.singles,10,1518,27,0.026743707,True
3d39948d-f531-4541-a553-7dac5c1a59d5.singles,10,6259,29,0.093151174,True
3d726825-b70a-4700-84cc-f6e56f3f74ca.singles,10,472,29,0.009550997,True
3da022ca-d4f2-4660-b5dd-b6d081e42cd1.singles,10,2665,29,0.044182974,True
3dd74bd6-ba4d-49ec-86f5-5566a1d7844c.singles,10,255,30,0.007251775,True
3e7fedce-f5c7-46d3-b708-9be99cfb9ad4.singles,10,5977,30,0.072052203,True
3ea29376-063b-4a5c-bf09-34e435809078.singles,10,2620,29,0.048072063,True
3f2da778-97da-4b14-abb8-a536b206d816.singles,10,139,27,0.006203161,True
3f519177-5d9d-4b5d-92c5-7d5ec39d7db4.singles,10,10209,29,0.136366681,True
3f7aa0c2-6c53-4275-b018-e928e69f3973.singles,10,1341,29,0.024696395,True
3f8d0a48-9dfd-41cd-95c5-6f32dea31fec.singles,10,130,28,0.006348913,True
3fa68671-10bb-4eb5-8b48-eae048167447.singles,10,1143,30,0.021224805,True
3fb9935e-c692-4046-a04e-ebd3b4444586.singles,10,1707,28,0.028485617,True
3fbaefbc-5a04-4a1b-8995-3dbd6e9f9c16.singles,10,257,29,0.008658798,True
3fc1b705-3f7e-4fb5-9651-9a658efa1803.singles,10,4955,28,0.079204766,True
404c7a94-4f98-442e-abd0-d97b382444a8.singles,10,583,29,0.013207162,True
404e15fd-43a6-4c88-9537-ec156d6c9923.singles,10,2745,29,0.043923585,True
40a2576b-e961-4558-8dbf-74ff293959ef.singles,10,3729,30,0.056604079,True
40bde607-f94e-45cb-b004-eb40eb963196.singles,10,271,28,0.008426442,True
40e42c30-ee07-4fa4-b39b-982787a62926.singles,10,509,30,0.012814335,True
411c8bda-3974-42c8-9e73-aebb225526e7.singles,10,152,28,0.006006333,True
419caf5e-b567-4f2a-8499-17806c66f1e3.singles,10,1637,29,0.031983029,True
41bdad01-d40f-418a-bb7b-e6e8a520d625.singles,10,520,28,0.011634064,True
41c29d46-e0bd-4000-9a1b-d9d055d2b2f2.singles,10,415,28,0.011334496,True
41d0c8ca-b9cd-45c7-a624-e6bc729e93db.singles,10,4809,30,0.080357801,True
4231a793-721b-4702-b9dc-35eebd89cf40.singles,10,954,28,0.020646505,True
424a2cff-f16a-4b32-a01b-af8e1fc9fbd1.singles,10,329,28,0.008601472,True
42532c73-1a34-4deb-b124-c33202fd196e.singles,10,1024,29,0.016496839,True
426fb34b-e785-40ff-95c1-89a0029cadd8.singles,10,158,30,0.006289622,True
42b0f7ef-0006-4d38-bc95-5fbc82fc914a.singles,10,1809,29,0.033613042,True
42f96aeb-b7b3-4ca2-8cff-6e7a3a5cb354.singles,10,522,30,0.013654548,True
42fd673f-2965-484d-a7b3-a4507a8f725e.singles,10,562,29,0.012491,True
4363bd6a-1a11-467e-a0ad-1b24106995bb.singles,10,136,29,0.006574937,True
43696c51-1f7c-4ad5-9180-d4c7d5b9d1bf.singles,10,1645,29,0.028900025,True
43cbee97-063f-491d-b47d-585da755e225.singles,10,473,27,0.010175826,True
43d9dd5d-fe8c-4edd-85d8-346770232d5e.singles,10,50,29,0.004391551,True
43fb35fd-2ad2-4b01-a6a0-c0b537deafba.singles,10,14339,29,0.187519584,True
44021bef-73b9-4175-98ee-1f14c12caa8a.singles,10,3894,29,0.057049992,True
44093f15-d06e-4418-8356-b8e13a57ec92.singles,10,751,28,0.01596937,True
441ba13b-5d83-4287-b02c-2497815283d9.singles,10,4752,29,0.061706029,True
4427fad5-ce84-4b3a-90df-61e2db73446b.singles,10,1064,29,0.023439622,True
446fbec7-e0b9-499a-90d1-b004f9e6ab4e.singles,10,33935,31,0.455008091,True
44779ab8-e192-4959-bfae-061061b8644b.singles,10,129,29,0.005677686,True
4486d872-2f27-427a-86eb-7a6a4761e208.singles,10,319,30,0.00864497,True
44bc3a1e-c3cc-4ce2-9ec5-41bbdfa7c147.singles,10,907,29,0.018640828,True
44f9be4e-fcb7-41e6-836e-52265d3264aa.singles,10,388516,27,5.64662086,True
452e8c1b-2f67-4248-821a-f7377223b5ca.singles,10,581,29,0.014748333,True
45714564-64c2-4fb2-9555-da1b74025984.singles,10,5171,29,0.118620454,True
45aa4908-9535-4ea4-a1b4-cbec46ed6183.singles,10,1353,29,0.027685898,True
45c95ba1-85bb-433a-b33c-6a382fbd1f8d.singles,10,418,28,0.010781819,True
46c74a23-9c7e-4554-9ac6-f61186196d5d.singles,10,7149,31,0.112206328,True
47029695-5d74-4339-ab63-16eb18685d49.singles,10,15807,29,0.232743582,True
477c46f6-c7c4-4b3c-84a6-0148f27fd9fa.singles,10,117,29,0.005903648,True
47b051e8-517f-4a00-b59f-8608162074f2.singles,10,1314,30,0.023750084,True
47bede37-b838-4b04-b3a8-e64ebcedca36.singles,10,192,28,0.006170821,True
47e05e8d-d82e-40f5-ade0-10f15a5b51be.singles,10,1731,29,0.028462596,True
481e6931-82a8-4cd9-b01a-782789e7841c.singles,10,3325,28,0.048318239,True
48d9b7b7-aff1-43fe-8f74-b944faa9a781.singles,10,377,28,0.009931021,True
48dcf1fd-b167-40d4-9b08-c04db198779a.singles,10,50164,28,0.6715304,True
49303b2d-5f7f-4125-ba06-469cc6b8236f.singles,10,481,28,0.013059193,True
493907b2-cc33-4f14-8bab-a21fdc4c489c.singles,10,3536,30,0.0563115,True
4981b9b3-b2df-4a58-b2e1-e018b11e696f.singles,10,202,27,0.006477224,True
499e6564-652f-4538-8be7-ef8df3e671ff.singles,10,1486,28,0.02137061,True
49cc3598-2c11-4b25-8d48-013bf2ff48e7.singles,10,633,28,0.015105989,True
4a2833f4-cfaa-4f49-a856-dd0c3e7d5162.singles,10,42,28,0.004146952,True
4a388584-64f1-4e83-baba-e80f4146bc4a.singles,10,83125,30,1.096982925,True
4a726841-f34f-404f-8414-17897a8502f5.singles,10,460,28,0.010632261,True
4aa3a623-68b0-4004-8612-30297b87e6e5.singles,10,538,29,0.012968064,True
4aee8b3a-79f9-4417-ab2a-8978ff638c78.singles,10,998,31,0.018697256,True
4af55af0-0d15-40c9-a3c5-33be455a0c4c.singles,10,4177,30,0.055670522,True
4b33f2b9-2a09-4b12-8e5b-7a03411409c2.singles,10,8006,28,0.105842583,True
4b59822a-c079-40fc-9537-1de190bb4754.singles,10,653,29,0.015651224,True
4c24d764-f7ad-4a39-84ee-8ee0ab5cf032.singles,10,79,30,0.004876327,True
4c486be8-1208-4e17-b8d0-f85b7ae7fb34.singles,10,304,28,0.009598094,True
4cb73496-9f7f-40b6-b3c1-4578653ba323.singles,10,1293,30,0.02154628,True
4cf0c413-424f-4df2-91d9-ffdc2339d93c.singles,10,3946,31,0.069169069,True
4d3a5cc8-a42c-4f9a-b7c8-2a0f0b0a24c0.singles,10,61819,30,0.910120619,True
4d3d4083-5828-493f-b651-ea46cbbe806b.singles,10,3069,29,0.051861339,True
4d62d7e2-d6b0-40ec-9d2f-9fb9f758fa74.singles,10,2883,30,0.076896506,True
4da09f91-0799-4ea7-a6ae-afcab6bc0db1.singles,10,941,30,0.02028472,True
4dbed8fa-fa74-4dbb-b4e1-1b7fc6427314.singles,10,1695,28,0.026543752,True
4df70ab4-8144-440f-8a1a-c1d1ff6cd361.singles,10,802,30,0.015243392,True
4df9ec38-a467-4204-9cab-15ea3d4fceb9.singles,10,411,30,0.010741626,True
4e78515e-0c0b-4519-8531-5d159cb9f4bc.singles,10,16,29,0.003380998,True
4fd677a5-016f-4adc-a444-e495696ef169.singles,10,661,29,0.014182709,True
50576ac9-1b34-4de6-bdf0-f602994e18fb.singles,10,6928,30,0.101171618,True
508b4730-e7f8-4784-8ede-1c1d44f3d4c5.singles,10,1955,29,0.03304095,True
50aedb5c-44e7-4760-bd66-ae294fb7c157.singles,10,20794,28,0.250309718,True
50dfe9e6-dbf5-40ef-a60e-3aa8aa63e257.singles,10,8360,27,0.100029237,True
511396d7-a1c1-482d-b92f-0bddba1702ad.singles,10,1411,27,0.022004669,True
514e97f2-3bd7-46d0-bcd6-d9b99e58e81d.singles,10,318,29,0.009265202,True
516dc074-2276-44ba-9ca2-4e9d5b8605e3.singles,10,184,28,0.00684916,True
5186d989-2c5c-4312-a9fc-cb9804759d24.singles,10,508,29,0.013252918,True
51fde7d8-6b23-4966-b03f-266d0fba4792.singles,10,156,29,0.006650398,True
520c555c-34ca-4cb7-bb49-295656d81174.singles,10,162,28,0.005784115,True
524c016c-a77d-495b-bfec-ad78e685a200.singles,10,286,31,0.007344036,True
52700bed-c158-458f-b068-9fe4f2f84fde.singles,10,127,30,0.005768559,True
52ab6ef5-b73f-4311-a51e-075cfe7fe0a8.singles,10,584,30,0.011941571,True
52ec8775-5889-4a2d-b8bf-474ef7f2f939.singles,10,989,30,0.018389756,True
52fc7ae0-39d7-4347-87c4-2fa85ef478b9.singles,10,1243,28,0.024819999,True
5344a0c7-b29d-414c-be31-a00dd58d9e18.singles,10,45660,28,0.584221105,True
5370e4cb-acc4-4632-a47d-7d409c295dfb.singles,10,259,27,0.009261392,True
539b373b-53cc-48b0-8ef0-2af4c7dc75c9.singles,10,544,28,0.014256594,True
53bafc85-02b6-431f-a26a-7942ae90dc23.singles,10,1882,29,0.033109104,True
53e97365-3192-4d9c-b235-76b0d4aa4669.singles,10,488,28,0.010166239,True
5425eac3-8797-4da0-aea5-fafea8b083b4.singles,10,665,29,0.014602803,True
555d0f78-dba9-4353-b956-5b38c9b4e257.singles,10,1204,30,0.021613973,True
55df13f7-8aac-4456-ac1d-e1942929357f.singles,10,1886,29,0.029684839,True
5648fd82-1423-43a1-807c-7d6dbed80c66.singles,10,3935,29,0.065586166,True
56836379-7a67-4e2a-baf5-7c5f430a93f6.singles,10,1743,29,0.03330062,True
5693906f-bac0-4d3a-9aeb-eca817261296.singles,10,770,30,0.017064489,True
56a2ef10-433b-4e3a-a4d3-e6c565f7ba98.singles,10,18344,29,0.269254797,True
5730b9d4-a08b-4d64-8b21-59cc1e226525.singles,10,458,29,0.013320452,True
5795c7bf-d6ea-4304-8ce1-adc53800030e.singles,10,171,29,0.006278711,True
57997253-5330-4f22-82e7-741bb502b682.singles,10,108125,30,1.427946497,True
579da4b4-b3a6-40ed-8aa7-059d3a43b847.singles,10,136,28,0.005418002,True
57bbe928-c5b7-438c-8224-7b8af3481eda.singles,10,1231,27,0.02187981,True
5835a888-b0c0-4bb7-ad35-efc219aaf179.singles,10,974,31,0.020282848,True
58b64477-3e7a-4e3c-a84e-5a3e0b806403.singles,10,14224,27,0.171582873,True
58d202a8-36a7-410b-9d51-6f4c2e928881.singles,10,1020,29,0.018434513,True
5a0429ad-e3d3-4700-a09f-f019cd13723f.singles,10,1289,29,0.0276181,True
5a0509df-9313-4613-9f20-0da7fc34199c.singles,10,3776,29,0.053801788,True
5b1336d0-99cb-4c15-a7c3-dba3f8d91512.singles,10,210,27,0.00674766,True
5bf2544e-8889-4f48-bdb3-0cd739085933.singles,10,375,30,0.0095527,True
5c29856b-1930-4830-bee7-25b8ca5fcec7.singles,10,6156,29,0.11078062,True
5c72a26f-bb15-47d6-bb0f-c2f990c87195.singles,10,20078,29,0.298815259,True
5c98c30c-f8b9-49bd-a2f7-607b854c30fd.singles,10,341,29,0.009488169,True
5c9c3db6-3960-4269-aa0e-134d80cbb3f2.singles,10,3156,30,0.05194163,True
5cbe5ef5-e075-4463-bfbb-6307ee8fcd44.singles,10,1597,30,0.033746481,True
5cfa450c-cdbb-4bf8-b250-e96d92273bb1.singles,10,1413,30,0.02817827,True
5d02b417-1682-4386-883c-a5b910693f3b.singles,10,441,28,0.010579892,True
5d3ddaf4-b869-45c5-be82-d5425ed2f873.singles,10,1431,29,0.022186424,True
5d5a2d0a-eb15-4307-aa5d-57a5a57cecf9.singles,10,93073,30,1.249444858,True
5dacf6dc-7f6e-4709-9384-486e476c043f.singles,10,2430,29,0.05072341,True
5db23fd9-6470-414d-99cf-4bedbf79ecb0.singles,10,96,28,0.005924319,True
5df15990-d3ac-4b0c-96ce-529f9bf4d952.singles,10,150,30,0.005817719,True
5e901e14-faba-460c-8207-ccbc270a5f07.singles,10,1553,29,0.060573985,True
5e96dcc6-86dc-4a63-ae44-ac5f28c27e76.singles,10,904,30,0.01868824,True
5e9a52a8-7824-4acc-beaf-83ead44d6da4.singles,10,2000,27,0.035280045,True
5eaac6ad-3f78-44aa-ab3e-dcce9dc2f51f.singles,10,441,30,0.011784638,True
5ebc46ea-270e-4ced-b300-33a063da8d43.singles,10,55,28,0.003999908,True
5ec488e8-c3cc-44b1-a145-3f783e6554cb.singles,10,2965,30,0.046691056,True
5f0da02a-5481-44c0-aabf-b72e804fb484.singles,10,141,29,0.006491099,True
5f618ed0-c46e-4f81-80f6-24c7fb466f92.singles,10,3593,29,0.05530992,True
5f6a8d74-941e-4a04-b740-909a8352b4c9.singles,10,1150,29,0.022508919,True
5fadb69c-cdfd-4665-8f25-27d848cd66ce.singles,10,2287,28,0.036574962,True
5fef7fe4-b3bf-4908-976e-ae7e22259b87.singles,10,150,29,0.006660928,True
6014a8d9-b3bb-46bb-849a-a6e7725332cb.singles,10,129,29,0.005540451,True
601544a8-4cdf-42af-ac7a-49d4fe62a1c9.singles,10,1536,29,0.026930278,True
601cbec0-9698-4f09-8f6a-c2dfaf1c3fd5.singles,10,1495,31,0.027471619,True
6099ad71-014a-4bb9-941d-93e38a10052f.singles,10,2283,29,0.037043893,True
60f6558a-e905-48c6-acfe-e3bb3ed87694.singles,10,3162,30,0.048355789,True
611aa973-bd40-4273-a752-500e6a9df9f2.singles,10,982,30,0.019013024,True
614fcd67-77eb-4176-8577-88221dae2a41.singles,10,1572,28,0.030412496,True
619463d4-4dfd-4091-a8e3-384f02dd145b.singles,10,8927,30,0.123304068,True
620e2fc2-75d0-475c-8709-6eb9748a9b57.singles,10,356,29,0.008033427,True
622fcc67-cd78-414e-96bd-6cdbb92bb118.singles,10,1234,29,0.02662572,True
62376b29-374b-4426-b128-943260f7a2fe.singles,10,529,31,0.012465906,True
62383ded-4a50-4146-97ad-c4c8541b1ad5.singles,10,5118,27,0.080106343,True
6262af17-f6af-48d2-a099-71b656018f2c.singles,10,279,28,0.009295938,True
6274f7ba-3e3b-4fd8-b3f4-a9754ee0d693.singles,10,2840,29,0.047856035,True
62b820d3-8637-444c-a903-8d68df79bc62.singles,10,1075,28,0.01800005,True
62f21c77-7de1-4bca-be4a-c32b7de387ee.singles,10,494,27,0.010877271,True
634ef8f9-2bd7-4ea7-af08-596c4c921cd6.singles,10,50,28,0.004256087,True
63780a80-b250-4b59-960b-28b955cc473a.singles,10,6493,28,0.08396103,True
63d86159-3120-4ff4-ad21-2167a84850bb.singles,10,269,27,0.010019733,True
64177807-0e92-406e-99ce-ca72bd7d76f7.singles,10,2171,29,0.036189259,True
6420eaf4-53ed-46b4-bd84-2ad44db7790d.singles,10,1023,29,0.016034983,True
6469250e-6bbc-4261-a252-0db6b848c511.singles,10,1079,28,0.020956924,True
647e240f-c930-4429-8063-caa14d6ac8e4.singles,10,344,29,0.009981762,True
649ea6df-e6bf-4762-8f7c-ee27eef30eb1.singles,10,2567,28,0.041279387,True
64b23312-41b2-4894-9aa1-162cc2951ff6.singles,10,3176,27,0.045909243,True
64b265ef-298e-43f6-8725-0240c2728044.singles,10,4298,27,0.063737165,True
64f0c3a0-a99f-43f7-85b4-3f6df5602a13.singles,10,82936,29,1.087987252,True
655db00c-e1b6-48e6-95de-921fbed13321.singles,10,496,29,0.012976797,True
65b2e10d-559c-411a-8ff8-dfab49f8af45.singles,10,173,29,0.008030191,True
65c9e31b-9efb-4325-a98c-af3e0c1a94bb.singles,10,540,28,0.015827118,True
662afa99-cbd2-4125-8fdf-079923e325e2.singles,10,135,28,0.006001934,True
66c5c97b-e3c4-4e64-9a42-bbff3c2839a8.singles,10,87,28,0.005059861,True
67513247-5033-4b36-b952-3fdd4f1f68b3.singles,10,4909,29,0.061846741,True
676333da-6dc1-44a1-a33f-834f9e05b1f4.singles,10,273,30,0.010268069,True
67d752c9-b4bf-43ff-b52e-bfad9394932b.singles,10,10602,29,0.165200522,True
67eef622-da91-4c46-938d-eef3cad51328.singles,10,1011,30,0.022938334,True
681c212e-a04c-4fa2-bc26-397411049d56.singles,10,533,29,0.01178624,True
685e6c05-ac89-4c12-91ef-5932ec62f5d8.singles,10,2086,30,0.037683591,True
688c09ce-57a9-462c-aa0e-7c84a28f95c7.singles,10,696,29,0.015232505,True
68b990df-ac3b-4022-9532-ebab84dc54ba.singles,10,542,28,0.011242756,True
68c23380-b07f-48de-a42c-56a521ffe705.singles,10,191,28,0.006978752,True
69031f34-2bfe-4625-b35f-5965f7024a6c.singles,10,6840,29,0.117509403,True
6917bd50-a172-454b-bb46-e2824d45c870.singles,10,393,28,0.009829658,True
692d7308-ca52-4e3b-9113-2f51dcb04010.singles,10,2589,29,0.045283073,True
69e035a0-2e86-4c87-948c-aba2700b8797.singles,10,40,29,0.004544836,True
6a0faba2-f96e-4721-821e-9959b25cda2c.singles,10,3152,31,0.04578545,True
6a3787ab-9917-49d6-b191-fedade6579d4.singles,10,127,29,0.005109334,True
6a3a124b-0480-4372-b9a2-6035abdbf720.singles,10,355,29,0.009955686,True
6a535f91-0906-43b3-a148-e76fb921ffd5.singles,10,853,28,0.017990933,True
6a5d96c2-446b-4369-ad66-f4bf4b58a478.singles,10,171479,28,2.318364382,True
6a68f8d6-2176-468d-a5a3-7c3fe9d75056.singles,10,122,29,0.005391911,True
6a96ced4-0509-4ef2-9e11-30a18dc748f3.singles,10,2261,28,0.03401077,True
6b312899-eb42-4e0d-8b94-350006ee64b5.singles,10,1236,28,0.023003514,True
6b5d8dd5-7e33-44ac-ad04-4b3ef14c1c9a.singles,10,964,27,0.019913557,True
6b92e9f6-3062-403c-990c-09a876db8bc1.singles,10,143,29,0.007148751,True
6bcb49ba-5050-4f40-b20c-520b7203ed69.singles,10,53,28,0.004228404,True
6bde4516-15d5-44dc-8d35-aec6a64b01ad.singles,10,120,30,0.005242311,True
6c9ff076-4bab-4d6f-ab83-87bf05ebe65c.singles,10,519,29,0.011784671,True
6ccc6ab0-c559-4aed-8f84-0d41c2b0e4f0.singles,10,5480,28,0.076744217,True
6cec7e08-a1d9-4c80-b6bf-b01a53793204.singles,10,919,29,0.016926852,True
6d51cfdb-dd57-435d-a35c-4eb732968af0.singles,10,8008,28,0.112342007,True
6d8898bd-75da-4411-bd34-836c64bf4e9d.singles,10,375,29,0.011488483,True
6d9b9d8b-9369-4fc2-979c-22e2e063192c.singles,10,1283,29,0.025550054,True
6dca530d-a301-4fa8-a237-c08648646b32.singles,10,295,29,0.007852437,True
6e022a68-7f92-43e7-9672-4a088531253f.singles,10,1971,29,0.036392401,True
6e5320f5-b008-4e9b-8ed9-00db22d35dbe.singles,10,502,30,0.011994823,True
6e5b476f-5fbf-4619-b6ba-144d55e9bd4f.singles,10,864,29,0.018859209,True
6f6080b0-1cfb-448a-8a15-fc2ff555da05.singles,10,170,30,0.006499075,True
6fa96f10-da8f-4f90-824f-103402cde605.singles,10,491,28,0.011751814,True
6ff23b59-ac9b-40d5-a19d-087c7253d086.singles,10,338,28,0.008399042,True
6ff85155-7ecc-4d52-9856-1e46dbcc3a8b.singles,10,7116,31,0.122429855,True
6ff864bb-fe71-4749-a081-74ae38782851.singles,10,70666,29,1.007985663,True
700a0d28-771c-4483-bd5b-84ae1034e620.singles,10,164,29,0.008805521,True
70427074-4f0b-443d-825b-b0061854f45b.singles,10,657,30,0.014767669,True
704b1ee0-d486-4d0a-901e-0add91d033ba.singles,10,1574,29,0.029856255,True
70e3a224-06df-4754-b3c0-94d29d55ca87.singles,10,1642,29,0.032483904,True
710fbbb1-2ae5-45b5-aa98-8c1a71acb3a1.singles,10,1615,27,0.030247093,True
711003ee-50ae-4c88-867f-f7c5d1e57baf.singles,10,54,30,0.004233745,True
712ae7b2-8311-4f53-8579-2a17a3b447af.singles,10,1555,29,0.024476111,True
71cf5d29-27f6-49c3-a1dd-17147a0e7e1a.singles,10,1120,27,0.017885308,True
724d955d-d142-49e3-8e8a-67ca08f9cacc.singles,10,688,29,0.01333568,True
72520690-4c36-4938-85aa-76ba6532f0e7.singles,10,519,27,0.011521827,True
729396b9-ed30-49a8-b8ff-8a65317238ed.singles,10,6776,30,0.104831878,True
72aa79f1-a463-408b-87ef-217e14773b38.singles,10,318,29,0.011435693,True
72e89eb3-9efd-4f1a-a2a3-1ac79c92f06a.singles,10,326,30,0.007830446,True
72fe980d-2c10-43ea-aef7-6b1ac2b2d0f4.singles,10,727,28,0.014167931,True
73142408-d381-4331-bcee-9bdab026d82a.singles,10,77,29,0.004532773,True
735e828c-f003-42e5-994f-b3f5dda5236b.singles,10,464,28,0.010024644,True
738495c2-e67a-4b40-a664-b1787d1db7fa.singles,10,8618,30,0.130508825,True
73d3aaa0-49bf-45bb-88dd-3e8b78ed46e8.singles,10,547,29,0.014163518,True
74469c20-fbca-4005-8ff1-6d5e24066361.singles,10,223271,28,3.219417745,True
7467b941-3238-4169-ae57-5c0099090f99.singles,10,178,29,0.006861901,True
74ccb7af-d3a7-4b0e-a48b-5173f1656e93.singles,10,2201,29,0.037117914,True
756e3c6e-af81-4d1d-aff3-7d250d68bb62.singles,10,387,31,0.009400003,True
756f57bb-1884-453e-a5e1-ee0fd8c8b10b.singles,10,12577,28,0.189788546,True
75c6fe27-e0b7-4012-b096-20ae04531d2e.singles,10,465,29,0.013984837,True
76180ee1-711f-4d82-bc92-2d380149ffed.singles,10,329,29,0.008904925,True
76374926-7091-43aa-8f47-d189a332961e.singles,10,2087,29,0.027961388,True
76a0a364-bf99-4a4f-8463-6d2b913efdca.singles,10,988,28,0.021378998,True
76bee615-6123-4bfa-8bc8-65ff30b97be6.singles,10,388,27,0.011174096,True
77062172-4fda-4b37-9c1b-8cc3c7496987.singles,10,2138,29,0.038223316,True
776b5db8-320e-46d4-b119-13d2d41448aa.singles,10,133,30,0.006770696,True
7831c087-f009-4912-9bfc-061cd2ece5ef.singles,10,78,29,0.004974441,True
7896a7c7-68ea-42d7-9ae3-15686fc0a3eb.singles,10,12587,30,0.164271333,True
7915f7a7-d261-49ee-b66f-7e3572cfe0a2.singles,10,77,29,0.004971446,True
7968e2e7-64ea-4ebe-8037-b183866c82d4.singles,10,189,28,0.007771385,True
7998ea0e-2e83-4cf0-9184-d28ba4415911.singles,10,241,30,0.008572417,True
799f1daf-7fac-4bd4-a794-9d9cec3d4110.singles,10,1688,30,0.027684668,True
7aa2731e-6b79-4324-b716-270abefab5d7.singles,10,192,28,0.006518181,True
7aa6ac6c-328c-4284-83eb-778918b151a0.singles,10,6964,28,0.107414327,True
7b926f88-06c8-4246-b317-20e1cb7fb55f.singles,10,27,28,0.005820405,True
7bae7543-7ab0-4969-b84d-f80a3c2b3266.singles,10,109,28,0.005559556,True
7c51394d-a352-4605-be52-c8687caa1bba.singles,10,738,29,0.013581931,True
7c839cad-4a25-444a-9d9e-b04a79e63e6b.singles,10,369,28,0.008928712,True
7c9ac9b6-d25d-4aaa-9092-8315fde8df8e.singles,10,154286,29,1.99944561,True
7ccc7e5d-d399-42ce-a2d8-9a74fd85b70d.singles,10,624,28,0.016021054,True
7d1a00e7-6d2d-479d-ac48-05f00e0f5c66.singles,10,695,29,0.014098536,True
7d5fd57e-4c93-4a25-b313-33467d80b6a6.singles,10,4466,30,0.089898323,True
7e13ec3d-9ca6-40cd-8b07-de5d656ce5cf.singles,10,2284,28,0.044400907,True
7e3abaf5-4258-4444-85a3-15db37a86a9c.singles,10,3952,27,0.063505119,True
7e4555e6-587c-4d56-92ad-cc47eecbf6a0.singles,10,1120,30,0.021701098,True
7e7c12d0-f07b-4af3-bafe-648cb72926a9.singles,10,7931,29,0.12984927,True
7e960a2d-8396-4d7f-8838-4d3c292588a8.singles,10,429,29,0.012720629,True
7ed664e1-fe76-48bb-8ee3-4d1c8f7d0ce4.singles,10,475,30,0.011262039,True
7ed9f488-ee21-40b3-97c3-9015efa59819.singles,10,2655,29,0.032230724,True
7edf03da-c6a2-42ae-8f88-106f48d2e34e.singles,10,923,29,0.020205572,True
7f0d5587-44b5-4f58-801f-17b900dc6449.singles,10,2452,29,0.038052071,True
7f439036-92d5-4f2e-8fea-02210caaa165.singles,10,6929,29,0.096163813,True
7fb11371-178a-436f-a0bb-28f51fb9dd3d.singles,10,66,28,0.004659761,True
7fd91fcc-24e0-4f74-bc9b-2a0a642fe4cc.singles,10,653,29,0.016144096,True
80315d3f-ea64-49b0-8da2-ee346fd944ed.singles,10,1084,29,0.022273035,True
804b173b-dfa6-4331-82ee-8501b2e066d2.singles,10,370,29,0.008785334,True
804badee-95d6-475c-85ad-98b50601f11c.singles,10,3945,30,0.057219836,True
80ebba21-a99c-4a01-8e3a-e390cacfdb93.singles,10,2689,28,0.036522341,True
813297d7-38ad-4c1d-af67-cada1f2ee864.singles,10,95,30,0.005467054,True
81642bdb-efa6-491e-8135-d372da083036.singles,10,179,28,0.006584425,True
8191d07c-1703-46ed-b23e-cc67294eb094.singles,10,19243,29,0.248158458,True
81cd92ae-0400-4004-a465-05d39fb85bd7.singles,10,1711,28,0.029101315,True
82126da8-e247-492f-b1ba-f012f73ceada.singles,10,198,28,0.007295587,True
8262dc33-5a66-4fbd-a10b-3b420fd0400a.singles,10,749,28,0.016103441,True
82b0b0c7-e02a-4fc4-a195-df06c3238f60.singles,10,4754,30,0.066756145,True
82bbd413-47d7-4cc1-969c-210208915b7e.singles,10,4084,29,0.0656817,True
82bbe4cd-0e3b-4270-9c6d-4a44017dd182.singles,10,89,28,0.004809412,True
82c2c7cd-dee6-41e4-85ab-0a74d85c4427.singles,10,3048,29,0.047754937,True
82f3839b-02ba-41b4-887e-2d1b5c81509f.singles,10,140,27,0.005767764,True
832237bd-7f3c-4755-9651-34d25047010d.singles,10,70,29,0.004461539,True
84a268e3-4de2-4546-9174-202dac1b9514.singles,10,847,29,0.019738046,True
84a59dd7-0de0-417f-b5c2-d6ea0a05243b.singles,10,1469,30,0.02533981,True
84dfa551-32ff-43cb-a4ab-943a45aa88f9.singles,10,992,29,0.018440833,True
84efc072-37e6-4bd1-838f-b714001a56dc.singles,10,880,30,0.019307207,True
855a6c13-57c9-4d3a-8d06-80777210aeb6.singles,10,716,28,0.01599113,True
85830240-10b2-4db8-8b3b-0beac2c15efb.singles,10,4444,30,0.075058451,True
86102950-90f9-466f-9660-70c98ba578b7.singles,10,3193,28,0.049316269,True
8695daef-34ff-41ba-a5c1-575df29bbbf6.singles,10,3478,30,0.050817538,True
873b6872-92a0-421d-931b-9ff65fab983f.singles,10,1868,28,0.034405848,True
874af4f0-5555-4ad0-aaec-d3ac8d06055e.singles,10,388,28,0.009385627,True
87b9a0b9-f69a-4690-b823-9b6d4a6d3aa2.singles,10,96,27,0.005188712,True
87ebdca4-8a4a-4e8c-8a9f-de82ddbef694.singles,10,1240,30,0.029049448,True
88679f4f-2c81-4b8e-8db4-00c356a40842.singles,10,644,28,0.013323842,True
888ef929-5c0e-41c7-ba56-017177abebf8.singles,10,2102,28,0.039381697,True
88f92042-53a3-497a-9715-250f7b6249f9.singles,10,444,29,0.00975169,True
894ac8d2-1f2f-47dd-8ac7-425b09a47e99.singles,10,136,30,0.006044273,True
8985fe13-5f66-41df-b61f-8533667a8f1f.singles,10,294,29,0.00871845,True
89d9106b-29e8-4ecf-ae8f-5c954bbaf372.singles,10,1155,29,0.021184083,True
89ffb54d-c69b-4434-b1a6-54f6db10e3b5.singles,10,226,30,0.007326545,True
8a8bd541-b6e0-4549-a8e5-09fefee62305.singles,10,401,28,0.010558323,True
8aa40edf-f587-4e60-85a1-124a3f0b2b71.singles,10,1402,30,0.023965398,True
8b249cc5-b411-4842-b5ea-20f00281c0f9.singles,10,641,30,0.014370398,True
8b635107-b58e-4629-8453-5abdb08273ab.singles,10,312,29,0.00825609,True
8b73e123-c325-4a37-a5d0-a042f4262037.singles,10,321,30,0.009012479,True
8bf5095e-c821-4753-90ec-2915f7c7fe63.singles,10,1383,29,0.027879684,True
8c094f9c-df83-469f-b08d-3b229f2c89cd.singles,10,703,29,0.01728257,True
8c54d4a7-785e-45d8-b77b-3dc8dfbb10bc.singles,10,239,28,0.008064335,True
8ca52247-30b7-4bef-85c2-195da29548d3.singles,10,1207,28,0.021621867,True
8cb6b15e-df12-4d87-853d-ccb855fa6e72.singles,10,1967,30,0.032840702,True
8d24627b-5c9c-4967-9178-658f7b43a10e.singles,10,6751,29,0.087880195,True
8d2cd7db-8d15-462a-94f6-0fb7f9bcf570.singles,10,105,28,0.005127276,True
8d4927e7-5887-4a8e-82a2-ab03ab52f0bd.singles,10,306,30,0.008129645,True
8db2cd0b-aa1f-43e9-b0ef-bec075ccf1ac.singles,10,3782,28,0.059283503,True
8dbe8e51-86e6-46e9-8755-acdc441901e8.singles,10,424,30,0.011251272,True
8e330deb-75f1-4453-9590-b5abcb6b778c.singles,10,147,28,0.005541994,True
8e930de5-a344-46c7-80fe-b89f595b3157.singles,10,4485,30,0.100637979,True
8e942153-f586-41e3-8559-27df0c4d0f90.singles,10,155,29,0.008466326,True
8efeab3b-eb3c-4579-beea-145c1e1b5799.singles,10,76,28,0.004858344,True
8fa411e2-6b7d-4266-bb83-44af4dc4f181.singles,10,389,27,0.010909828,True
8fe9f2fe-2809-4587-b443-d30b9a881c37.singles,10,1426,27,0.023343314,True
8fef1f61-8514-41cb-b9a5-950ec7013fe9.singles,10,421,29,0.010769546,True
90c4ddd4-c2ba-4bed-bd51-97e7a35f2d64.singles,10,559,29,0.01317948,True
91153ee0-bc75-4396-894a-f4fabfa6ab4a.singles,10,170,29,0.006475842,True
9116314d-ed44-4914-92b8-2edf5e39642d.singles,10,945,27,0.019363461,True
9123c228-fd2f-422e-bb1a-d7da609bd928.singles,10,2994,30,0.049691723,True
9217ab59-8eeb-467b-b253-ff912f3c640c.singles,10,5331,29,0.072388605,True
9255598a-ebf3-4df1-a52e-a1286c066f54.singles,10,6797,29,0.094530876,True
92c4ca7f-9957-4233-b444-58dfa0fd1b04.singles,10,3433,29,0.0635503,True
9334784c-3132-47dc-af60-9f41c1e5b885.singles,10,2345,30,0.040528316,True
934253e4-b70f-4412-8bc2-300972ccde06.singles,10,6083,29,0.095493005,True
935c8ae6-80e8-4f5f-bf6d-e3aca3188eaa.singles,10,740,27,0.016054358,True
93b44388-b471-4ec1-9d9a-6327213c45e6.singles,10,12838,30,0.188150255,True
94b3d033-8178-4f38-b54c-fb4efeded177.singles,10,1238,29,0.025637841,True
94e03b7e-b3ae-4ef6-b1d0-7dff32e5bbad.singles,10,1650,30,0.02958326,True
9510edd5-c536-4e4d-afc4-45258767974b.singles,10,5917,31,0.074954992,True
952c1ee9-d86a-492c-86c5-32e89f51250b.singles,10,437,27,0.012404086,True
959f2eb0-6b2b-45f3-8bdc-a982608ea932.singles,10,74,28,0.004626428,True
95b3d69d-a2c7-4921-9b45-ed38e8a6cd7b.singles,10,194,30,0.00635185,True
95db34c8-1c4d-4fd7-993b-ac9b98397231.singles,10,47,29,0.004418091,True
95ed36d5-697c-4463-89ab-de35dd09f9fb.singles,10,523,28,0.010184572,True
962fc98d-72e3-489d-b843-0d18ec9cbe1e.singles,10,715,28,0.01455396,True
9639fd50-561d-497d-95cb-99afa2cd9dfc.singles,10,1657,28,0.032063735,True
964307c4-65b0-43d1-a3f2-29e85f63698a.singles,10,444,30,0.011130011,True
9644b7c5-8186-4176-bb63-7ee086d3a0ef.singles,10,5644,29,0.074512623,True
97078170-82fa-4240-bcad-218cd0d577ce.singles,10,8097,27,0.117039439,True
976a7fb8-6924-4a05-a1f8-d60ac99ae73d.singles,10,325,30,0.008883728,True
9835abe1-cf74-47ab-bbff-88416ec9c7cc.singles,10,279,30,0.010052099,True
98b2b79a-ab0d-47c1-bfcb-2b27b0b53f0e.singles,10,4424,30,0.069147998,True
98e7cf6d-8d07-4053-9200-3011ad275887.singles,10,1239,30,0.026025722,True
98ed8aaa-0e20-4336-9d9e-93697b1dc4b4.singles,10,143,28,0.0058654,True
98fb246e-ad97-407b-b3f0-f098408d95e5.singles,10,6070,29,0.092583198,True
990f6515-d2f0-4bcc-83bd-ac93f56b3224.singles,10,909,28,0.016343179,True
9917f322-7a63-4b42-84df-4e6b51bb8a98.singles,10,6863,28,0.103439088,True
9940f78c-3372-41bc-8524-0697dc7e579e.singles,10,870,28,0.016863666,True
99f87c1b-dc2e-43cc-a5d4-dabf081e2d88.singles,10,1646,29,0.034491511,True
9a540935-9893-4abd-bf7d-5d8fcc702c18.singles,10,982,28,0.017472726,True
9a6e7caa-2520-4239-a7c7-07f292b26a93.singles,10,479,30,0.010917106,True
9ab47a5e-0367-4136-b8bb-a38f3f48d8dc.singles,10,4195,29,0.070503435,True
9b219f69-dcd6-4b9c-b961-8d50117b5a73.singles,10,242,28,0.009510321,True
9b7e2203-6dc4-4442-b597-35a29f2ec3c5.singles,10,619,28,0.012393546,True
9bfdd4e6-10a5-475f-b64e-6252c0dd1986.singles,10,10301,29,0.140208533,True
9c455d0e-db20-40c7-a6a9-b8c8cf42dac3.singles,10,4024,29,0.067742033,True
9c7bd948-6f3f-4faa-a205-5efba0b64231.singles,10,754,28,0.016004247,True
9ca4b3da-fdcb-4dc0-bb02-5b2f7f82b74b.singles,10,1013,29,0.017973811,True
9cbd748f-dfe9-4180-bd06-dd72b9557e97.singles,10,428,27,0.009523674,True
9cfad2f7-6fe0-4935-97cc-d70aa9f6dc76.singles,10,2510,29,0.043444886,True
9d0edd2a-a56e-45c2-85dc-dc38b7caad24.singles,10,1689,28,0.027759129,True
9d3432ab-0622-44c3-9f47-f0c56beada0b.singles,10,3156,29,0.055286262,True
9ea12f64-4156-4616-a157-472ec4554d3c.singles,10,9018,30,0.172760205,True
9f503065-ba13-40c4-b203-0ff43f81ab93.singles,10,986,29,0.019717176,True
9fba8429-90c5-49ca-806d-d754a2bd84a2.singles,10,888,29,0.023050845,True
9fdabe36-c1bd-43bc-a0bf-222978297ca1.singles,10,1970,28,0.029478455,True
9feeeb6c-f9f7-4cb4-8f7f-7463ef306047.singles,10,125,29,0.005795007,True
a0b07a17-a76a-45cf-a319-3bc82a67a5d6.singles,10,2373,29,0.042179633,True
a0cc9825-00e0-44d4-85fa-0aed58c7c8a5.singles,10,31772,27,0.70289075,True
a0e69502-bc08-45be-a349-189c111de007.singles,10,1718,27,0.028811994,True
a0f61d02-b9b4-4864-875c-432be0050700.singles,10,26532,31,0.374775683,True
a24cf69a-87a9-4684-9fab-cf4dc931d93f.singles,10,261,29,0.007952755,True
a24d242c-da47-4e79-af24-a139a3801bd4.singles,10,767,29,0.017082242,True
a26cb479-10fc-420c-9122-d3b4f6878e55.singles,10,244,31,0.008025601,True
a270991c-67f2-4662-be59-d58acd9afff3.singles,10,4917,28,0.067372655,True
a32846a2-f50a-45cc-b9d6-a86ee2f5c7a7.singles,10,3781,29,0.06857739,True
a370764b-452f-4a7d-87bf-7b7a4bce6e94.singles,10,2197,29,0.03758582,True
a3ed29c0-bf59-432d-a777-bf508950321d.singles,10,739,29,0.016266748,True
a42187f5-23ca-4a63-a90d-26c3d62d8bd3.singles,10,88,26,0.004992345,True
a43d98fd-3cfa-442d-bb90-2ed739f463c3.singles,10,1037,27,0.020029,True
a448af52-144c-4832-bc73-d20861cdba2c.singles,10,5340,28,0.07015563,True
a4579a12-8149-47b0-9897-27da4210dfa4.singles,10,820,30,0.018074829,True
a45fc193-0b39-4424-9de5-2852e11810ab.singles,10,368,28,0.009888438,True
a47ff8a4-cdac-450f-985b-80a83ab01a20.singles,10,1245,29,0.022759208,True
a4a88901-315e-42a2-88b7-ca61d2a3bf6a.singles,10,567,29,0.013723706,True
a4b42646-c36e-452f-948b-a24e88e04cf7.singles,10,2057,30,0.028197807,True
a4cc6bda-b227-40a6-b2b3-68d10842a4a3.singles,10,403,28,0.009196946,True
a4e24d2a-3763-4745-b9e0-80d578b09f8b.singles,10,1903,28,0.028283484,True
a55b95ff-568d-4bd0-baf7-b3c5c2cc1d39.singles,10,56,29,0.004245186,True
a60e786e-0c8c-49d0-aa62-e4c03b20f0b6.singles,10,2302,30,0.037921818,True
a619667d-b47d-498d-828c-cf3115231ff4.singles,10,2548,29,0.042640109,True
a6751d3f-6be3-4999-acbe-53d96de4743a.singles,10,760,28,0.016213668,True
a6fb1d6f-b072-4dc9-8bdf-19ea3bb2dfbe.singles,10,5839,28,0.081672343,True
a70f5ae6-fd9a-4db7-af84-2056a48239bf.singles,10,840,28,0.017449569,True
a7f3ffad-3454-48c5-872c-2d9781f039d7.singles,10,399,28,0.009604997,True
a80ecb58-d3b5-486d-9538-30dde0b6e1f6.singles,10,3314,29,0.048975072,True
a844ce14-7083-44db-8e01-2284e8f2385e.singles,10,5947,29,0.101095566,True
a8737832-03c8-4e9d-b8d4-0a1998cfa85a.singles,10,310,29,0.009221029,True
a87e969c-a085-4259-99ac-f697b6afc70c.singles,10,863,30,0.019325749,True
a887da7d-4045-401e-81fc-b5dcfead7236.singles,10,1559,28,0.032339832,True
a8e3803c-284a-415d-88b1-ff3ed68068a0.singles,10,110,28,0.005093155,True
a8f63f55-ca32-4bb6-af64-bbaba35c6afa.singles,10,524,28,0.013320852,True
a9271b08-3eb7-4d35-9bbb-4781c650af3b.singles,10,155,28,0.005877289,True
a97a2d45-49be-47d0-b5ca-1e8a99550ecb.singles,10,225,29,0.007736268,True
a9c68359-a3ca-4237-98e4-11163f5cd350.singles,10,217,29,0.007146756,True
aa0fef43-1c28-4e51-bf2e-5d71935a96e3.singles,10,470,28,0.009756459,True
aabc57bb-f3fb-42ef-94e1-e5f3f71dc26a.singles,10,2204,28,0.06819201,True
aac596ad-21e7-4166-8fa5-8ff3c6c706d0.singles,10,4063,28,0.063975413,True
aaef5963-8b2d-48cf-b926-37a05f2899de.singles,10,324,28,0.010049597,True
ab13f691-1831-4ce6-a149-c91a03b5c21c.singles,10,767,29,0.013722838,True
ab8ea4a1-8cc9-4fff-a6ec-1bba5ef37f54.singles,10,652,29,0.014199266,True
abb2b64d-0771-487f-a326-e87abb28466a.singles,10,938,29,0.01990441,True
ac3dc485-1c06-40a2-89db-1413b8314649.singles,10,230,30,0.007631294,True
ac5dfdce-18ad-490b-bb4a-39dbf55d212a.singles,10,151,28,0.006048981,True
acaf952a-1661-4ba9-9353-d5dd9ca257c9.singles,10,8307,30,0.104747504,True
ad0c9c90-d3cb-4a68-b673-276ad147bbf8.singles,10,269,27,0.010877341,True
ad919b37-5f13-4ad4-b55f-5ca8c3420b5d.singles,10,4587,31,0.081510186,True
aded34aa-dae8-4af1-ab93-cf3a5877a311.singles,10,4212,30,0.065030136,True
ae017713-64bf-4a6f-a503-9b81d3d05c02.singles,10,276,29,0.008040791,True
ae12e952-90e8-448d-abf7-f6c93591ba49.singles,10,28928,30,0.42565682,True
ae6bbd0a-479c-4171-a3b7-bf5e4d8ab6e9.singles,10,801,29,0.018347581,True
aece40c6-08eb-4c6d-b4b5-961b409bc597.singles,10,21781,29,0.327713375,True
af2f60d1-16ec-4ddd-8f5c-fcb73cc3921f.singles,10,4773,29,0.075815302,True
afa36cb0-4812-4d3e-83f3-9ade179e6319.singles,10,13874,30,0.188654404,True
afddbf92-f69e-4f07-b9c8-d4ba3ed0a886.singles,10,855,28,0.018663081,True
b01ac717-809f-45de-9cbe-9992b0f1a721.singles,10,405,29,0.010163602,True
b045f6ed-172b-46c1-b72c-f04c729e025a.singles,10,2646,29,0.046455467,True
b06f737f-4627-4c06-b6da-5dd0a8f92df0.singles,10,442,28,0.010222775,True
b09a0325-26d7-4218-a0c1-b2707ef9707c.singles,10,73,28,0.004200301,True
b0a4de4b-9da6-4ca4-bb07-6c6a49620bd2.singles,10,697,29,0.017054073,True
b0a9b22c-ca6a-4c1b-899a-685a677c105f.singles,10,691,29,0.014165052,True
b11f7531-6b3c-42fe-b76c-bcbbf6fef251.singles,10,536,28,0.014694974,True
b13c1ca0-1a9f-4842-97d6-4277141b9058.singles,10,1058,29,0.021216952,True
b19b9ada-9d38-440b-8323-2e5c2713dfc8.singles,10,4246,29,0.065599254,True
b1c2c416-a8e2-4d2e-a7bc-550546799796.singles,10,113,28,0.00508092,True
b238d80a-1c48-46f8-b8e9-e29bbe14d88f.singles,10,210,28,0.009236006,True
b23c39cb-f42c-4b3f-ad4c-1ed9203fb987.singles,10,18,28,0.003344199,True
b2a6f7af-7011-4c0a-83d8-da7cd893603e.singles,10,1477,29,0.02305765,True
b2fbba54-effb-4987-968a-61ba6b8dd020.singles,10,2286,29,0.036239168,True
b35e42e3-1ff0-426c-9276-edb19ed7e9e1.singles,10,407,30,0.010072131,True
b3692690-671a-4858-b85c-7a50e4bf5f79.singles,10,7776,28,0.105962189,True
b44d3638-4fa7-4d68-b019-b90401b9926c.singles,10,1579,30,0.029803044,True
b4baaf9f-f719-403a-821b-16f5caec6a9b.singles,10,1422,30,0.026822093,True
b4f03f9b-cfe8-4db6-92a7-e50448e701b4.singles,10,612,30,0.014065837,True
b542ce3e-307a-49fe-9a4e-56a83e67e132.singles,10,4483,30,0.095162435,True
b6633fe3-a867-4537-aa81-c2ed564888e2.singles,10,166,30,0.008473651,True
b66de6e3-04ae-4fa0-914e-bb4ded28737a.singles,10,2403,30,0.072750307,True
b67275ab-f840-4d30-8766-ff87d7b8afc4.singles,10,456,28,0.013970147,True
b6cbc7ba-9f2d-4918-85c9-fcd08917f0c0.singles,10,956,30,0.017716279,True
b6dff1c0-523f-4d1f-bd28-1790395bc816.singles,10,476,30,0.011266566,True
b6e76c66-7351-4f7d-9fba-e574ffb77336.singles,10,4252,29,0.070178463,True
b7737133-ab35-4d10-ac14-2f6a3ff92197.singles,10,1424,28,0.025378695,True
b7e35413-4c46-49ce-9a21-50aa78b259b5.singles,10,910,31,0.018209753,True
b7f15430-7beb-422b-a53b-27004ae19efd.singles,10,5834,30,0.095593521,True
b85047fa-d3cd-448b-9664-da87d0f06ca2.singles,10,124,28,0.005852585,True
b86c5a4b-e492-4dd9-b6c6-e68cb8ff3863.singles,10,561,28,0.014025915,True
b88f84e8-32c1-4e06-a990-9131e40294a4.singles,10,1275,30,0.022709347,True
b908edc1-37cb-4204-a042-cbf6ebb017b2.singles,10,6195,30,0.080429875,True
b9193a61-97c8-4b39-a140-c0db6629d82b.singles,10,3190,30,0.056005702,True
b94c3362-1b20-4e90-979b-db2a66fde675.singles,10,243713,30,3.318835725,True
b964e5f9-7328-41c7-9263-e31e08004a64.singles,10,1635,28,0.030231176,True
b9c4cdf6-3a6e-429c-af5b-1a816db7df80.singles,10,231,29,0.007142658,True
b9cfb3d2-59eb-4ad9-9bfd-907e0ca295f3.singles,10,1433,28,0.023725456,True
b9f67b50-1a6f-493e-a092-51c64f1434a5.singles,10,572,26,0.012211706,True
ba33d423-410b-4670-8c26-7df1a256e0e8.singles,10,440,30,0.010360611,True
ba3b903b-92dd-4b4e-ab8e-6297f16fe03e.singles,10,364,29,0.009219657,True
ba5fd3ec-a16d-458f-bc80-42ba77c85706.singles,10,570,29,0.011841517,True
baefefd1-79b4-463f-a7fa-2314f86c4fea.singles,10,117,28,0.005742707,True
bb0fb9e6-c579-4128-ae27-9a7bf5bb3eb4.singles,10,756,29,0.015309524,True
bb2dbdf0-5682-40f1-be3a-31e43ab6302d.singles,10,3231,30,0.05796949,True
bb8cb1f7-e10d-4189-833b-291c43880a06.singles,10,1045,29,0.02241164,True
bb99af8e-9cac-4239-962d-4b7612571416.singles,10,3466,28,0.057029247,True
bbf3c460-20c7-4694-98d8-f22a1ca5ae34.singles,10,936,30,0.019810961,True
bbfd0d3a-8b28-4420-a41a-bd77c9fc56dc.singles,10,111,28,0.005793083,True
bc431034-2e0d-4591-a50d-289ffd43a7f9.singles,10,522,28,0.011266128,True
bce921de-1f2a-4f15-83da-1fd7d164919b.singles,10,277,28,0.008827653,True
bcf3290a-96fa-4581-8aae-66547149f50a.singles,10,398,28,0.009144117,True
bd040663-6a10-4a5d-b195-0a235ea3184d.singles,10,76,29,0.004986704,True
bd4a7081-293c-42c3-a8e6-7fad837856d4.singles,10,462,28,0.011057867,True
bdaa82e4-d639-407d-80b9-a17fc14f0ce0.singles,10,199,29,0.006317275,True
bdb17e64-83f0-48eb-9830-744569b76769.singles,10,784,28,0.015927592,True
bdd293df-ef03-4f0c-8557-40647bcd021b.singles,10,4569,29,0.071331783,True
bded0ecc-de4f-418d-ba27-e00514043510.singles,10,1034,30,0.018523974,True
be434df6-1bd0-4496-9aa2-05a9e3edc0a2.singles,10,810,29,0.014836067,True
be580d26-a549-4bcc-bd16-e62682cd914b.singles,10,618,30,0.01326668,True
be80546f-99d5-4079-a831-1b267f812e4f.singles,10,2405,30,0.039322817,True
be9d26e9-b7f9-4d31-a3f9-5f6f05a98a34.singles,10,309,28,0.007814727,True
bf13c957-49f2-425f-8c18-9c0f8d3ffccf.singles,10,728,30,0.015050985,True
bf6b52c0-2c41-4a8c-b7c4-004c2a56ecc9.singles,10,372,30,0.010057644,True
bfa1e525-7d54-4706-8532-b2256a842444.singles,10,1135,28,0.020515936,True
bfca073a-f773-4ec5-aedd-770a1981aa73.singles,10,902017,31,20,False
bfd11030-cae7-4b02-9b43-5960be65e348.singles,10,245,29,0.007948685,True
c00f0f71-6995-4059-be80-1aadd6fbf9ca.singles,10,1331,28,0.022638891,True
c042929a-e3a5-4ce5-8180-8c958983a783.singles,10,77,29,0.004485235,True
c059537a-45d0-45cd-bb04-6847f6f8123b.singles,10,3582,29,0.056406379,True
c06e7ae9-21ca-461c-8620-a518eb637f6e.singles,10,91,29,0.005055473,True
c07cb2c1-6f06-48fe-9376-fd6f46d6841f.singles,10,994,28,0.022331938,True
c088e212-2cc4-4d84-a728-b0eaa5a3ca14.singles,10,593,30,0.013204383,True
c0b6ac9a-25aa-4a61-ac6c-0b28e015b9de.singles,10,236,29,0.006524844,True
c0d9ed51-3e43-471d-963b-54208f7e1ba1.singles,10,370,27,0.009532133,True
c0fae4c3-0b79-4494-b3b5-748e8c2dd89b.singles,10,30782,29,0.391043356,True
c19253bb-b625-4c87-9920-c8c203425750.singles,10,7310,29,0.093465485,True
c2e32b56-9beb-45bf-bccf-2970563f3723.singles,10,160,29,0.006327013,True
c39f38bb-c242-4715-95ff-7803f5337161.singles,10,334,30,0.011020807,True
c3cec20c-a931-4895-b6a0-633d18cf313e.singles,10,222662,30,2.87113487,True
c3db9b75-6c13-41e5-aeff-26ed2bc9b265.singles,10,5341,28,0.07669601,True
c4218746-8408-41c8-a77a-c9309807220b.singles,10,8559,29,0.107357262,True
c45d1617-e8f1-4426-ad70-8427f0388bc8.singles,10,634,28,0.015219917,True
c46f18ac-cd70-45f9-94be-ff41ff1e1a52.singles,10,269,29,0.007645741,True
c47f21f6-a840-4437-a898-a56cbce9277b.singles,10,84,28,0.005041718,True
c4ec972b-f2b7-49fd-8af3-e7ad3d6751e7.singles,10,149,28,0.006834671,True
c51fa5bb-cafa-4449-bc99-29e9880eb09c.singles,10,97,30,0.005848756,True
c52c6261-c1c7-42f2-a39f-08d23a15459b.singles,10,11378,29,0.169395088,True
c55d0aa7-acb3-442e-8da4-c1c21517d26b.singles,10,2796,28,0.047033206,True
c6182efd-b395-4563-acaf-b8b8eddf854b.singles,10,153,29,0.00619805,True
c626a8db-8fb0-454f-b7c8-c3f08956ae96.singles,10,389,27,0.009211841,True
c63dfdcf-709f-445e-a1c4-32aa0222d0c8.singles,10,260,29,0.008113546,True
c64d2475-f56d-427d-85ae-9b4b00c12eee.singles,10,10544,28,0.162577948,True
c6537e3e-7aa8-4610-846d-9c1eabd9c0dd.singles,10,1893,29,0.033655793,True
c6b61f9a-e08a-45c9-8e74-74f7d816f991.singles,10,344,27,0.009245566,True
c7642397-64d7-4a2a-9e85-06a6a87dd058.singles,10,327,28,0.008888407,True
c78e08d0-088a-4ba6-a529-f9180d63a3a9.singles,10,3663,27,0.046276274,True
c7bca23f-ea0b-47c3-a4d2-257b43d3cebd.singles,10,141,29,0.006215114,True
c819da46-a979-4121-a70c-e590676b6b9c.singles,10,475,27,0.010552402,True
c8660a49-6970-42ab-821f-fbe30dd2b06f.singles,10,6051,30,0.095395646,True
c86b4b79-32db-4306-8051-24a9ce1d0519.singles,10,13225,29,0.226976615,True
c871b720-00d0-4bfb-9fc9-e27514c7254f.singles,10,731,29,0.017572499,True
c8a85f13-4871-486b-9cf4-6c535d22d8b5.singles,10,150,27,0.005947162,True
c8c1b3da-b86b-4602-9a68-445133d7f4cc.singles,10,356,29,0.009883599,True
c8e7b457-2a24-44c1-9109-a2532d836324.singles,10,43212,29,0.610402399,True
c8eb5059-685b-4999-907d-520e2f484341.singles,10,12464,28,0.167226244,True
c8f63039-f8d9-4933-98e4-e906ad2b66d1.singles,10,1157,30,0.024166672,True
c9379acb-9a00-43bf-92eb-d29317cd928a.singles,10,723,28,0.015570457,True
c96d474d-15fd-4a7e-950f-b403256d631c.singles,10,287,30,0.008646763,True
c9bc12e7-266c-4ff1-90a4-9338b86057b2.singles,10,356,28,0.009031806,True
c9da65bc-81bb-4058-9638-b5f906568c45.singles,10,155,29,0.006558105,True
c9e48e3d-fcb1-4fff-b4bc-ab6a6086702a.singles,10,257,29,0.007647214,True
c9f3a7a3-ea6f-4712-a5a6-66dad8fe35cc.singles,10,1972,29,0.031933669,True
ca46c509-e711-46ce-80e2-5f359b88f535.singles,10,297,27,0.008073362,True
ca97e4b4-25c2-4dfd-b7aa-1be6802f41ff.singles,10,90,29,0.00474952,True
cb198149-566b-4d8d-af98-a5814db9aa5e.singles,10,1162,29,0.02174477,True
cb220faa-32d4-4389-b618-535caadf3cec.singles,10,1601,29,0.024598854,True
cb9b0bfb-f50b-4afe-beab-af601ad0f656.singles,10,1366,29,0.028589841,True
cbb35c2a-009c-449a-9855-0cce1788cb07.singles,10,283,29,0.009788081,True
cbe4df7d-9df6-4fda-8035-d69cf4aa6f7c.singles,10,3931,27,0.060133212,True
cc2c30cc-74ce-4dbf-9174-d708339bead3.singles,10,99,29,0.004981072,True
cc413d07-62a6-4df4-8c31-f3112e8df3ba.singles,10,732,30,0.018661138,True
ccb90780-1660-47f1-b953-b82ebd16cc26.singles,10,2324,29,0.046598288,True
ccc8b396-c5ab-4977-811b-1b2983a938ea.singles,10,338,29,0.009614214,True
cd0bb293-d74b-428c-8800-f3164cd98d2b.singles,10,4909,28,0.07352405,True
cd21cb00-dca9-4d96-b8dd-f5917eb7fa95.singles,10,159,29,0.008301458,True
cd4f67aa-fb69-4c5c-88b9-748a9e6c60e4.singles,10,217,27,0.007469601,True
cdaf2cc3-5228-4236-a12b-42209b7728d1.singles,10,538,30,0.011061754,True
cddbf93e-d072-4963-9f0b-1b31bdc8d1ee.singles,10,3918,29,0.067648539,True
ce4a178d-10c7-4bee-8a6e-aa0a0b867353.singles,10,217,31,0.008471236,True
ce7936c7-d74d-4e88-9fcd-f9f3598b53fd.singles,10,526,28,0.011187012,True
ce9abe24-84b2-42fb-8637-60053c05df97.singles,10,817,29,0.02026988,True
cf28ea5a-24e5-483a-960e-79c767cc9510.singles,10,185,29,0.00673078,True
cfa9a080-9605-4e43-8d1f-9a93ad6dea75.singles,10,5258,27,0.085432579,True
cff818ab-81b6-427a-8d5d-dfd8999a73a9.singles,10,35376,30,0.518309922,True
d09d514e-2e8e-4ab0-98f0-8d62a5af7041.singles,10,9488,30,0.157009838,True
d0e4595a-ea10-49ad-8db6-5c4c3f1b71bd.singles,10,103,28,0.0054497,True
d0fb34aa-c3d1-48fd-81e2-0ff7ec192673.singles,10,2553,30,0.035975734,True
d18ca9cd-a846-47b7-b0c7-99e4fa1145f9.singles,10,11399,29,0.167806044,True
d2130517-fc64-4ea2-89a4-2f58577c570b.singles,10,217,30,0.007350981,True
d226361c-30ce-494d-a92f-960679f741a0.singles,10,1383,28,0.029309177,True
d2776f05-ca18-4839-9bd4-3f93efb841e7.singles,10,163,29,0.007216066,True
d3157270-36f7-4594-821d-cf1cf48448f5.singles,10,1813,30,0.02974168,True
d351442c-a1b5-4997-8abe-2fab41c27c0f.singles,10,76,29,0.004477452,True
d3675598-3841-4b5f-ac2f-7b6c59b2bb65.singles,10,27,29,0.003978347,True
d3b6d715-f9cd-41bb-a6f3-b75311afda2f.singles,10,765,30,0.016026686,True
d5378a84-71db-456b-bc09-f626a0a346db.singles,10,9550,29,0.12953933,True
d5535b49-3e9e-4353-913c-75c96c79aad1.singles,10,1615,30,0.02699675,True
d56c3751-18f4-41b9-970a-78bc947f4e0f.singles,10,11124,28,0.163531973,True
d59479d9-b564-4895-9ea6-dc38bddaa1c5.singles,10,5841,28,0.096973013,True
d5a05a2b-2e66-4c80-a3b0-3f233dd20b62.singles,10,784,28,0.015305478,True
d63ea8be-571d-4249-a216-02dec7a55339.singles,10,904,28,0.015790938,True
d6491ee8-6c8c-4d52-820d-45b99f37b9eb.singles,10,3060,30,0.046178436,True
d652109d-2bd6-44b2-a0e1-4cc19967a618.singles,10,770,29,0.016020727,True
d7160e5e-9a57-40b2-8df1-3e9faf8fe324.singles,10,443,29,0.013355346,True
d7949e53-d2a4-45dc-88c4-d88a2187e6d5.singles,10,205,28,0.006420267,True
d82d267d-f5fd-4dff-8723-16acd56678f3.singles,10,306,29,0.009208335,True
d86d5050-d2ef-4e2d-92c7-9afebe87f91a.singles,10,314,27,0.008769335,True
d87c4341-4842-4195-b6d7-456c662940dd.singles,10,1784,29,0.036163622,True
d8ad25b3-d90a-4e6c-beb7-82f9c898e7ca.singles,10,3494,30,0.052090495,True
d8c5eadf-5320-4f80-82ce-b8087ada8658.singles,10,101,30,0.005487671,True
d8e0fe6b-6f82-4e3a-9452-29b64f720916.singles,10,57,31,0.004121003,True
d8f58da9-1181-46c7-8cd9-267764aa20a8.singles,10,4421,30,0.067353736,True
d925fe6e-1c0d-495b-b2a7-7f172ed7618c.singles,10,722,30,0.012965897,True
d9392558-de75-416b-a844-836b494d6dc6.singles,10,673,28,0.015548832,True
d9ab162e-cbb6-44ce-81b7-5a3d50801cd6.singles,10,496,28,0.012299541,True
d9ba4597-b99c-4c9b-b891-6cac57bfd84b.singles,10,217,30,0.007826541,True
d9d95a72-80b3-4821-8a40-c76a2110fc27.singles,10,3616,30,0.061192894,True
d9ea92be-bd3a-40a2-a1e8-f7af0bd4ee6b.singles,10,1322,30,0.024271657,True
db042c36-3586-44c5-add3-9110da103e87.singles,10,847,29,0.01559507,True
db175f39-8def-4b28-8b1b-f8f703c5b9a2.singles,10,460,29,0.012581551,True
db7efe81-f890-4602-a419-7cf5a9f31802.singles,10,276,27,0.008290529,True
db853a29-b100-4cea-90c9-4a6f360278a9.singles,10,9125,31,0.114560617,True
dbc1242a-c4a1-47ed-a7ae-c9a76fc099a5.singles,10,624,28,0.015409481,True
dbf89a17-8387-473e-8daf-7227dd7508a9.singles,10,500,29,0.012333717,True
dc11a9d8-faf8-4898-b6dd-df44f3b3fcc2.singles,10,63,27,0.005100095,True
dc8fbe66-9214-4b57-b31e-1f28bddbc615.singles,10,1002,28,0.018679813,True
dca15dab-2862-45e3-b34f-5bf4180998b2.singles,10,250,29,0.007694822,True
dd1df2e7-fd30-431c-9078-9b73d101d616.singles,10,357,27,0.009520912,True
dd614f98-f30b-48e1-b04b-1a9bc94e9172.singles,10,622,30,0.013515907,True
dd680a1d-2b1a-46ec-88ed-cd2d4a99eec0.singles,10,4669,30,0.068907874,True
dd72a648-c4df-4acb-91ac-7972902d186e.singles,10,51,28,0.004449759,True
dd81d650-2a77-4814-80a0-632c4a8c6acf.singles,10,1200,29,0.022148433,True
df229d40-87ce-4cb1-9f11-c9118db3e1f9.singles,10,187,26,0.006311454,True
df2f04e4-7cec-46d2-86f2-f1572664e0d1.singles,10,308,29,0.009288936,True
df5cd9b2-754f-4cee-8dac-9bbd3dc84625.singles,10,1011,29,0.02030749,True
dfc1aad2-5bc9-43e4-a578-bf8fcc5e3e18.singles,10,249,28,0.008273163,True
dfd1728b-0083-4aad-88f2-90f39eb2555e.singles,10,1962,28,0.033419323,True
e0316888-bf5d-40db-b486-5db0c98eeb11.singles,10,4104,29,0.062301895,True
e05c5688-0a70-4563-8fa9-4e218ce60d82.singles,10,420,29,0.012436445,True
e0cfc61d-87ef-4cbc-956b-8e2d42951f31.singles,10,129,27,0.005894162,True
e0e542c4-101e-4273-83cf-cdc569371d5a.singles,10,376,30,0.010680792,True
e1441c40-bb25-4da1-bd3e-86a942c2d04e.singles,10,474,29,0.011228408,True
e1e0e010-430c-4c1a-a8bf-baec1503d51c.singles,10,248,29,0.007839213,True
e2939ece-2dcf-4aeb-be53-f11a0263c216.singles,10,85,28,0.005127649,True
e295b39c-58bd-4b25-bd88-b8887f8563f0.singles,10,2282,29,0.035772962,True
e3598e18-b025-49e3-876a-5a5fff2e7239.singles,10,28513,28,0.392707482,True
e3c29abd-51e3-4f43-90eb-d3f11c539cc2.singles,10,498,28,0.011163866,True
e3c51ac0-2c06-4916-83df-0fde73587002.singles,10,567,29,0.014752304,True
e3d49d8b-49ac-4687-a64e-e906c1ed4093.singles,10,332,28,0.009282495,True
e40acc8d-a623-4504-8362-aca14aa5d6bc.singles,10,192,29,0.00745434,True
e47c79ec-73e3-47a1-aee1-d895a8017c1e.singles,10,2633,27,0.035417013,True
e48e2ade-2434-4afd-ab87-859fe29cf9e8.singles,10,172,28,0.005985542,True
e4bb54cc-2fb0-4f97-bd18-df553ddae0e4.singles,10,1240,29,0.024271098,True
e53c64b7-d908-4890-8c88-1b60a7fe5ce7.singles,10,379,29,0.010592245,True
e53da1c3-9ab1-4cf3-98a5-4153aeb87167.singles,10,3474,29,0.060051755,True
e53e6834-6a99-4ec4-8abe-8b59d6f40d12.singles,10,665,29,0.014383191,True
e54e90ff-ce07-48d7-b628-5853581f85d6.singles,10,2134,28,0.035976601,True
e59a9cd7-2327-4f38-9189-2c750918c084.singles,10,413,28,0.010846298,True
e5e5f297-9a50-41d5-8900-14d62389508d.singles,10,921,28,0.015725122,True
e5f1833a-734d-41d8-a469-8a3ca929026c.singles,10,308,29,0.009323011,True
e6369020-0e70-4e1d-8b42-243a697e67d1.singles,10,9329,30,0.120163393,True
e64cd557-a69e-4178-87cc-05110ce26d4d.singles,10,644,28,0.016008837,True
e69f6b2b-10d2-4088-bef0-fd5a29e9cab8.singles,10,319,29,0.009749079,True
e6fc4870-a2ee-4ed1-bb35-1f444dcb80b4.singles,10,2926,31,0.051699537,True
e745aeeb-35bf-4d83-a278-c3bea8885aa7.singles,10,628,29,0.015861172,True
e7ad7b5b-b79a-4a39-b62a-b5b3c15a7820.singles,10,2590,30,0.04434474,True
e7e1dd71-dcf2-4de5-96c1-9e5ba055a38d.singles,10,515,29,0.012317193,True
e7f4bdd8-1d6b-4d23-900f-38e90546c8af.singles,10,2675,27,0.045841064,True
e7f51e3c-9738-4aa7-b8c1-d9777cf96a37.singles,10,862,29,0.016579712,True
e8839706-a267-4b93-a7cf-f217bb7ba485.singles,10,1604,29,0.0279536,True
e883c8bc-c039-480b-b8dd-31c9f7f98ef3.singles,10,19400,29,0.294089918,True
e8c21183-dcdc-48cb-b4a8-35d7d950de7e.singles,10,365,30,0.012797273,True
e8dfda05-4513-45bd-888d-9d15e588a044.singles,10,403,30,0.011300912,True
e9408c2f-68d9-4282-8403-0c27adec137d.singles,10,1220,29,0.022493069,True
e9c5aa08-faad-4545-8614-dd9f0ff329bb.singles,10,692,30,0.015562141,True
e9c7a716-1b06-40b8-90f7-bbf2bcdedf61.singles,10,537,29,0.01379358,True
e9de6b04-2b15-41d4-9b2f-27113315ebac.singles,10,972,28,0.016913499,True
ea053ea3-5f50-4334-b314-0abba4293da6.singles,10,300,29,0.007938899,True
ea1749c1-f2da-4c13-adb2-f5cabf9cca29.singles,10,5361,28,0.06694835,True
ea40695d-863d-4ebd-a63e-6dc69fe0ab5b.singles,10,214,30,0.006776413,True
eafea324-dc64-4ddf-ad7f-2a627de52184.singles,10,21086,30,0.245632599,True
eb04a729-37be-4769-9496-1dd45e52aeb8.singles,10,662,28,0.016796079,True
eb2a8c4c-7a98-4885-b7c3-c781e3279dff.singles,10,751,31,0.014430101,True
eb84c33b-72a1-442b-92a4-5a242555cb75.singles,10,736,27,0.013321734,True
ec201edb-731d-4c23-950c-23d34620a3e7.singles,10,1238,29,0.024747381,True
ec3730f0-7d8c-4a8e-aa50-30fc0924742b.singles,10,549,28,0.012395821,True
ec39bd2e-f2d2-4b12-8e52-3c5db0688c49.singles,10,995,29,0.018354004,True
ec5411dd-267b-4c51-bd16-137094760a0c.singles,10,4173,30,0.064193885,True
eca8da60-4197-434d-812f-42a8b03efd9e.singles,10,210,31,0.006837107,True
ed07c3fd-7fcc-46a0-9447-4e49fff0941d.singles,10,617,31,0.016782531,True
ed1f9440-ec78-4f11-b9d5-7a3d37eabf73.singles,10,56590,30,0.777093056,True
ed4ef790-656b-4f3d-9452-cf445385d7ca.singles,10,2336,31,0.038968149,True
ed95eae6-59c6-4253-88b8-4886b5c236d8.singles,10,2490,29,0.037271732,True
eda3ee19-61a9-4350-aed0-fef01bf54883.singles,10,1665,30,0.031456709,True
edb24665-10ab-48ae-a056-ca59ce867c2f.singles,10,105,29,0.005737719,True
edbb6ad8-07b3-4bba-ae0b-0a283b8d1db1.singles,10,968,30,0.019571435,True
edc7331f-9663-456e-a82a-60868476e4b3.singles,10,7202,30,0.095578932,True
ee268d5e-3bb4-466a-8763-0fcb5efc47d8.singles,10,150,29,0.006286176,True
ee2ab375-32b9-42d1-888f-d67055ce7881.singles,10,35748,28,0.428143388,True
ee3c57c1-0107-4f18-9ec0-0cc4274919e8.singles,10,191,30,0.006818354,True
ee700121-d88f-4b0f-be69-b9748edfcfd5.singles,10,141,28,0.006197312,True
eef12772-3ec3-4b05-9fef-4a883ee90013.singles,10,60,29,0.005952743,True
ef0c6040-ff10-490f-b3ea-e979413bf6be.singles,10,66746,29,0.840350376,True
ef3bae4c-e109-4671-a3ff-06e6e9013a3f.singles,10,561,28,0.015283857,True
ef643366-c89f-42fe-92a7-88c04da26a7a.singles,10,793,30,0.016137854,True
efd4cb2e-6962-4657-a55e-fd4f6e13e1d2.singles,10,375,30,0.00934476,True
f0068414-c59e-4781-9067-d61519b8a3b7.singles,10,335,27,0.010630425,True
f1019163-bbc9-4b21-93d0-6588dc537a86.singles,10,9127,29,0.149465138,True
f121a2fd-76d5-43f4-9572-b6c72ebe5005.singles,10,1469,31,0.027590963,True
f1becdbf-20d3-426e-8e08-67237ea4bf2a.singles,10,958,28,0.019680395,True
f1cf17fc-a552-4ce8-8bde-0506cbe7fd29.singles,10,73,27,0.004587238,True
f1d4e97a-003f-4c39-a774-c04efcb00740.singles,10,41462,29,0.610045711,True
f208be3c-e724-4e90-8d93-bd011839b1c3.singles,10,142,31,0.006386254,True
f2204f08-004e-4643-aa1a-c0ed54471abd.singles,10,670,28,0.016183613,True
f277ee8f-72b1-4272-a044-215a1acc7492.singles,10,2192,29,0.035129241,True
f27fe85d-1c59-44ff-8bfe-39d28cd5eb7a.singles,10,716,30,0.012346603,True
f2acce08-4801-4c12-943e-622f6b63f3b4.singles,10,4535,29,0.06132163,True
f36f95a5-eeef-4b3b-b535-08ddc12f7374.singles,10,15095,28,0.205105287,True
f38c99ac-fc47-452e-8a25-a38e5251633c.singles,10,13338,28,0.187701381,True
f432f322-ae9e-4e02-b322-c0f056b4b498.singles,10,580,30,0.012498544,True
f4463646-2edd-46b2-9ac6-0d67ca5cdee0.singles,10,564,28,0.014231309,True
f477a1aa-a3ea-430c-aeef-a8cd9bf0c937.singles,10,101268,29,1.475427814,True
f583dcaf-b49d-45cb-be9d-af53023a84fa.singles,10,429,29,0.010971394,True
f6061106-6dcf-4570-9710-6ee7696b5557.singles,10,212,29,0.005955755,True
f6158143-f106-4f8c-afc9-f3466517fc04.singles,10,558,29,0.014784219,True
f668e09b-3069-4be1-8858-c0cb4a1a175d.singles,10,790,29,0.016627052,True
f67e11bc-83e2-49ea-a3e3-f48034e776dc.singles,10,424,28,0.009603838,True
f6e15243-8972-4ac8-a729-e67b73241de0.singles,10,300,29,0.009109902,True
f6eaf058-8d22-4e31-867b-765263ec646b.singles,10,1015,28,0.019149501,True
f704605b-d900-4a2d-9ff3-6b9691596082.singles,10,563,31,0.012575228,True
f70a2f07-5d3b-4a24-bd77-1105082d5573.singles,10,523,29,0.013198141,True
f79a00a5-ab25-4392-a129-6f30227f5ac5.singles,10,296,29,0.008769343,True
f8321052-8460-4b1b-9b07-d693cf75ae8e.singles,10,3774,29,0.057760089,True
f83560f8-6a19-4993-a8ca-1e6927085698.singles,10,3127,29,0.051543575,True
f83d1574-c1d8-4fb6-9bcc-e5a4368b9d9b.singles,10,500,28,0.011268711,True
f894c528-f4fa-46b8-a21b-07d1b1e60257.singles,10,1005,29,0.01743206,True
f8bb09d3-a043-4a0e-9919-94a37ecb17b5.singles,10,430,28,0.00990098,True
f8d90b0a-173a-40c9-800d-077bf85b877c.singles,10,186,29,0.006537517,True
f8df4fe7-b5a6-4112-be96-e887125e25bd.singles,10,4570,29,0.072631237,True
f8f240f0-eec7-46f8-9ba7-9802a527c377.singles,10,128,28,0.008529235,True
f911d589-3dc4-42f9-ae93-f61181c7a841.singles,10,3161,30,0.052216554,True
f9267ec5-3eae-4f06-a2f9-cd4daec013cb.singles,10,200,27,0.008718822,True
f98865d1-190a-410f-9578-12c00cf181c3.singles,10,2006,28,0.036238649,True
f99f7954-a3ee-4f97-adf5-86a61a7fceaf.singles,10,362,30,0.010106748,True
f9f1e67c-1319-4051-b986-25c2b005a66e.singles,10,200,27,0.006618688,True
fa1976c2-2e3e-4427-905d-f84351aa6542.singles,10,86,29,0.004983948,True
fa2c74c9-b862-40d0-b399-6495966ae9c8.singles,10,385,29,0.008582343,True
fa997395-256c-40d3-b535-cf126aece237.singles,10,6306,30,0.079032995,True
fb1d98c6-9e84-4cee-ae33-613c375ad08c.singles,10,1067,28,0.052720992,True
fb412462-1a8e-4eef-9848-61ece994832b.singles,10,4041,29,0.062957602,True
fb573948-94d1-46de-8dfe-9aba5ca47b34.singles,10,195,28,0.006657909,True
fb5ca006-320a-4740-a156-1ad76526be09.singles,10,438,28,0.012898711,True
fb664944-e7f7-4d88-8997-78bff8247109.singles,10,716,29,0.015563017,True
fb93da32-2478-48ca-94c4-4058be33802a.singles,10,1331,29,0.028456152,True
fb9dd655-7705-4b2c-b3bf-0a38d208ef0b.singles,10,553,29,0.013204474,True
fba6696b-71bc-44cc-8815-6361133d41e2.singles,10,26368,28,0.327440732,True
fc1182ff-3543-4150-b3bb-5b121fd765b2.singles,10,902,30,0.018569359,True
fc81662f-e6c5-4c8c-816f-a2e5e4c3674d.singles,10,11955,29,0.19620066,True
fd5d4798-bcab-4de1-b05b-38b6244fdc03.singles,10,286,30,0.011559306,True
fd6eff65-cc64-4cc2-9d43-288700b743ec.singles,10,134,28,0.006018446,True
fdaeb272-341f-4935-ac7d-8bc400f78166.singles,10,1360,28,0.024143015,True
fdef0925-08e9-49aa-ac17-3b0a04c9ffbd.singles,10,77,29,0.005134981,True
fe381b8f-738f-448e-87ea-ae9711579b65.singles,10,104,28,0.005238605,True
fe744b38-bbad-4a33-8a69-f6da9ca85eca.singles,10,281,28,0.007999763,True
ff3dc82b-0f5a-4a98-83a7-05f6f8c6a3f7.singles,10,48,29,0.004298134,True
ffadb30e-76e7-4617-b434-53b46cd9df7c.singles,10,935,28,0.019417474,True
fff66c2b-c9ef-4dd0-a091-b8efa557a01a.singles,10,2054,28,0.030495551,True
